m_id,m_EndCreditType,m_PartIndex,m_StartTime,m_BGM,m_BehaviorType,m_BehaviorParam1,m_BehaviorParam2,m_WidgetType,m_TextStyle,m_Text,m_TextureID,m_OffsetX,m_OffsetY,m_Param1
0,0,0,0,0,0,0,0,0,0,[''],[0],0,0,0
1,0,1,0,0,7,0,0,0,0,[''],[0],0,0,0
2,0,1,0,71033,4,0,0,0,0,[''],[0],0,0,0
3,0,1,0,0,3,6000,1,1,3,[''],[0],0,0,0
4,0,2,6000,0,3,5000,1,5,0,[''],[8001],0,0,0
5,0,3,11000,0,1,0,0,5,0,[''],[8000],0,0,0
6,0,3,11000,0,3,4000,1,1,2,['Cast'],[0],0,0,0
7,0,3,0,0,3,0,0,6,0,[''],[0],0,0,30
8,0,3,0,0,3,0,0,3,2,['“Master of Wealth”'],[0],0,0,0
9,0,3,0,0,3,0,0,3,2,['“Master of Power”'],[0],0,0,0
10,0,3,0,0,3,0,0,3,2,['“Master of Fame”'],[0],0,0,0
11,0,3,0,0,3,0,0,3,2,['Herminia'],[0],0,0,0
12,0,3,0,0,3,0,0,3,2,['Tytos'],[0],0,0,0
13,0,3,0,0,3,0,0,3,2,['Auguste'],[0],0,0,0
14,0,3,0,0,3,0,0,6,0,[''],[0],0,0,30
15,0,3,0,0,3,0,0,3,4,['Atsuko Tanaka'],[0],0,0,0
16,0,3,0,0,3,0,0,3,4,['Rikiya Koyama'],[0],0,0,0
17,0,3,0,0,3,0,0,3,4,['Daisuke Namikawa'],[0],0,0,0
18,0,3,0,0,0,0,0,0,0,[''],[0],0,0,0
19,0,3,0,0,3,4000,1,3,4,['Kaito Ishikawa'],[0],0,0,0
20,0,3,0,0,3,0,0,3,4,['Ai Kakuma'],[0],0,0,0
21,0,3,0,0,3,0,0,3,4,['Kosuke Toriumi'],[0],0,0,0
22,0,3,0,0,3,0,0,3,4,['Daisuke Hirakawa'],[0],0,0,0
23,0,3,0,0,3,0,0,3,4,['Yuya Hirose'],[0],0,0,0
24,0,3,0,0,3,0,0,3,4,['Ikumi Hasegawa'],[0],0,0,0
25,0,3,0,0,3,0,0,3,4,['Shun Horie'],[0],0,0,0
26,0,3,0,0,3,0,0,3,4,['Eiji Takeuchi'],[0],0,0,0
27,0,3,0,0,3,0,0,3,4,['Takako Tanaka'],[0],0,0,0
28,0,3,0,0,3,0,0,3,4,['Itaru Yamamoto'],[0],0,0,0
29,0,3,0,0,3,0,0,3,4,['Toshitsugu Takashina'],[0],0,0,0
30,0,3,0,0,3,0,0,3,4,['Toshiyuki Hara'],[0],0,0,0
31,0,3,0,0,3,0,0,3,4,['Yoshikazu Nagano'],[0],0,0,0
32,0,3,0,0,3,0,0,3,4,['Manaka Iwami'],[0],0,0,0
33,0,3,0,0,3,0,0,3,4,['Saori Yamanaka'],[0],0,0,0
34,0,3,0,0,3,0,0,3,4,['Aoi Yuki'],[0],0,0,0
35,0,3,0,0,3,0,0,3,4,[''],[0],0,0,0
36,0,3,0,0,3,0,0,3,4,[''],[0],0,0,0
37,0,3,0,0,3,0,0,6,0,[''],[0],0,0,30
38,0,3,0,0,3,0,0,3,4,['Ayaka Suwa'],[0],0,0,0
39,0,3,0,0,3,0,0,3,4,['Jun Fukushima'],[0],0,0,0
40,0,3,0,0,3,0,0,3,4,['Eriko Nakamura'],[0],0,0,0
41,0,3,0,0,0,0,0,0,0,[''],[0],0,0,0
42,0,3,0,0,3,4000,1,1,2,['- English Version Staff -'],[0],0,0,0
43,0,3,0,0,3,0,0,6,0,[''],[0],0,0,30
44,0,3,0,0,3,0,0,1,2,['Producer'],[0],0,0,0
45,0,3,0,0,3,0,0,1,4,['Hirohito Suzuki'],[0],0,0,0
46,0,3,0,0,3,0,0,6,0,[''],[0],0,0,30
47,0,3,0,0,3,0,0,1,2,['Assistant Producer'],[0],0,0,0
48,0,3,0,0,3,0,0,2,14,['Takashi Yamada'],[0],0,0,0
49,0,3,0,0,3,0,0,2,9,['Takahiro Inoue'],[0],0,0,0
50,0,3,0,0,0,0,0,0,0,[''],[0],0,0,0
51,0,3,0,0,3,4000,1,1,2,['Director'],[0],0,0,0
52,0,3,0,0,3,0,0,3,4,['Satoshi Takioka'],[0],0,0,0
53,0,3,0,0,3,0,0,3,4,['Tetsufumi Tanaka'],[0],0,0,0
54,0,3,0,0,3,0,0,3,4,['Mitsuhiro Ichida'],[0],0,0,0
55,0,3,0,0,3,0,0,6,0,[''],[0],0,0,30
56,0,3,0,0,3,0,0,1,2,['Project Manager'],[0],0,0,0
57,0,3,0,0,3,0,0,1,4,['Yuichi Shimamura'],[0],0,0,0
58,0,3,0,0,3,0,0,6,0,[''],[0],0,0,30
59,0,3,0,0,3,0,0,1,2,['Manager'],[0],0,0,0
60,0,3,0,0,3,0,0,1,4,['Naoya Kisogawa'],[0],0,0,0
61,0,3,0,0,3,0,0,6,0,[''],[0],0,0,30
62,0,3,0,0,3,0,0,1,2,['Planner'],[0],0,0,0
63,0,3,0,0,3,0,0,3,4,['Minato Kunigami'],[0],0,0,0
64,0,3,0,0,3,0,0,3,4,['Hideji Kusumoto'],[0],0,0,0
65,0,3,0,0,3,0,0,3,4,['Atsuya Nemoto'],[0],0,0,0
66,0,3,0,0,3,0,0,3,4,['Takeru Tanaka'],[0],0,0,0
67,0,3,0,0,3,0,0,3,4,['Takayuki Ikeda'],[0],0,0,0
68,0,3,0,0,3,0,0,3,4,['Yudai Suwa'],[0],0,0,0
69,0,3,0,0,0,0,0,0,0,[''],[0],0,0,0
70,0,3,0,0,3,3000,1,1,2,['Designer'],[0],0,0,0
71,0,3,0,0,3,0,0,3,4,['Naoki Hirosawa'],[0],0,0,0
72,0,3,0,0,3,0,0,3,4,['Shogo Tsuge'],[0],0,0,0
73,0,3,0,0,3,0,0,3,4,['Aiko Setoguchi'],[0],0,0,0
74,0,3,0,0,3,0,0,6,0,[''],[0],0,0,30
75,0,3,0,0,3,0,0,1,2,['Programmer'],[0],0,0,0
76,0,3,0,0,3,0,0,3,4,['Reo Ueda'],[0],0,0,0
77,0,3,0,0,3,0,0,3,4,['Hiroki Tomino'],[0],0,0,0
78,0,3,0,0,3,0,0,3,4,['Kousuke Ueno'],[0],0,0,0
79,0,3,0,0,3,0,0,3,4,['Tomohito Higuchi'],[0],0,0,0
80,0,3,0,0,3,0,0,3,4,['Masashi Kitamura'],[0],0,0,0
81,0,3,0,0,3,0,0,3,4,['Takamasa Koushima'],[0],0,0,0
82,0,3,0,0,3,0,0,6,0,[''],[0],0,0,30
83,0,3,0,0,3,0,0,1,2,['QA'],[0],0,0,0
84,0,3,0,0,3,0,0,3,4,['Shizuo Aoki'],[0],0,0,0
85,0,3,0,0,3,0,0,3,4,['Kyohei Hori'],[0],0,0,0
86,0,3,0,0,3,0,0,3,4,['Yuya Ozaki'],[0],0,0,0
87,0,3,0,0,3,0,0,3,4,['Ryota Ozeki'],[0],0,0,0
88,0,3,0,0,3,0,0,3,4,['Mihou Okamoto'],[0],0,0,0
89,0,3,0,0,3,0,0,3,4,['Mikihito Imai'],[0],0,0,0
90,0,3,0,0,3,0,0,3,4,['Ayame Nakagawa'],[0],0,0,0
91,0,3,0,0,3,0,0,3,4,['ReiRii Yoshimura'],[0],0,0,0
92,0,3,0,0,3,0,0,3,4,[''],[0],0,0,0
93,0,3,0,0,0,0,0,0,0,[''],[0],0,0,0
94,0,3,0,0,3,3000,1,1,2,['Marketing & PR'],[0],0,0,0
95,0,3,0,0,3,0,0,6,0,[''],[0],0,0,30
96,0,3,0,0,3,0,0,1,2,['Director'],[0],0,0,0
97,0,3,0,0,3,0,0,1,4,['Fumikazu Iwaki'],[0],0,0,0
98,0,3,0,0,3,0,0,6,0,[''],[0],0,0,30
99,0,3,0,0,3,0,0,1,2,['Marketing Team'],[0],0,0,0
100,0,3,0,0,3,0,0,3,2,['Manager'],[0],0,0,0
101,0,3,0,0,3,0,0,3,2,['Lead Planner'],[0],0,0,0
102,0,3,0,0,3,0,0,3,2,['Planner'],[0],0,0,0
103,0,3,0,0,3,0,0,3,4,['Yohei Murakami'],[0],0,0,0
104,0,3,0,0,3,0,0,3,4,['Gyotaro Sato'],[0],0,0,0
105,0,3,0,0,3,0,0,3,4,['Yurika Saito'],[0],0,0,0
106,0,3,0,0,0,0,0,0,0,[''],[0],0,0,0
107,0,3,0,0,3,3000,1,1,2,['Localization'],[0],0,0,0
108,0,3,0,0,3,0,0,6,0,[''],[0],0,0,30
109,0,3,0,0,3,0,0,1,2,['Lead Localization PM'],[0],0,0,0
110,0,3,0,0,3,0,0,1,4,['Chi Xiong'],[0],0,0,0
111,0,3,0,0,3,0,0,6,0,[''],[0],0,0,30
112,0,3,0,0,3,0,0,2,2,['Localization Coordinator'],[0],0,0,0
113,0,3,0,0,3,0,0,2,2,['Assistant Localization PM'],[0],0,0,0
114,0,3,0,0,3,0,0,2,4,['Wako Yokoyama'],[0],0,0,0
115,0,3,0,0,3,0,0,2,4,['Ai Atsumi'],[0],0,0,0
116,0,3,0,0,3,0,0,6,0,[''],[0],0,0,30
117,0,3,0,0,3,0,0,1,2,['Localization Support'],[0],0,0,0
118,0,3,0,0,3,0,0,3,4,['Taigi Mimuro'],[0],0,0,0
119,0,3,0,0,3,0,0,3,4,['Tsubasa Fujisaki'],[0],0,0,0
120,0,3,0,0,3,0,0,3,4,['Jonathan Newell'],[0],0,0,0
121,0,3,0,0,0,0,0,0,0,[''],[0],0,0,0
122,0,3,0,0,3,3000,1,1,2,['- Original Staff -'],[0],0,0,0
123,0,3,0,0,3,0,0,6,0,[''],[0],0,0,30
124,0,3,0,0,3,0,0,1,2,['Concept and Production'],[0],0,0,0
125,0,3,0,0,3,0,0,1,4,['Tomoya Asano'],[0],0,0,0
126,0,3,0,0,3,0,0,6,0,[''],[0],0,0,30
127,0,3,0,0,3,0,0,1,2,['Producer'],[0],0,0,0
128,0,3,0,0,3,0,0,1,4,['Yuki Yokoyama'],[0],0,0,0
129,0,3,0,0,0,0,0,0,0,[''],[0],0,0,0
130,0,3,0,0,3,3000,1,1,2,['Director'],[0],0,0,0
131,0,3,0,0,3,0,0,3,4,['Yasuhiro Kidera'],[0],0,0,0
132,0,3,0,0,3,0,0,3,4,['Hirohito Suzuki'],[0],0,0,0
133,0,3,0,0,3,0,0,3,4,['Hiroshi Marumoto'],[0],0,0,0
134,0,3,0,0,3,0,0,6,0,[''],[0],0,0,30
135,0,3,0,0,3,0,0,1,2,['Scenario'],[0],0,0,0
136,0,3,0,0,3,0,0,1,4,['Kakunoshin Futsuzawa'],[0],0,0,0
137,0,3,0,0,3,0,0,6,0,[''],[0],0,0,30
138,0,3,0,0,3,0,0,1,2,['Writer (Master of Power)'],[0],0,0,0
139,0,3,0,0,3,0,0,1,4,['Masaru Hatano'],[0],0,0,0
140,0,3,0,0,0,0,0,0,0,[''],[0],0,0,0
141,0,3,0,0,3,3000,1,1,2,['Music'],[0],0,0,0
142,0,3,0,0,3,0,0,1,4,['Yasunori Nishiki'],[0],0,0,0
143,0,3,0,0,3,0,0,6,0,[''],[0],0,0,30
144,0,3,0,0,3,0,0,1,2,['Key Visual'],[0],0,0,0
145,0,3,0,0,3,0,0,1,4,['Naoki Ikushima'],[0],0,0,0
146,0,3,0,0,3,0,0,6,0,[''],[0],0,0,30
147,0,3,0,0,3,0,0,1,2,['2D Pixel Designer'],[0],0,0,0
148,0,3,0,0,3,0,0,1,4,['Shizuka Morimoto'],[0],0,0,0
149,0,3,0,0,0,0,0,0,0,[''],[0],0,0,0
150,0,3,0,0,3,3000,1,1,2,['ACQUIRE Corp.'],[0],0,0,0
151,0,3,0,0,3,0,0,6,0,[''],[0],0,0,30
152,0,3,0,0,3,0,0,1,2,['Director'],[0],0,0,0
153,0,3,0,0,3,0,0,1,4,['Hiroshi Marumoto'],[0],0,0,0
154,0,3,0,0,3,0,0,6,0,[''],[0],0,0,30
155,0,3,0,0,3,0,0,1,2,['Project Manager'],[0],0,0,0
156,0,3,0,0,3,0,0,2,14,['Takashi Iwama'],[0],0,0,0
157,0,3,0,0,3,0,0,2,9,['Akie Nakao'],[0],0,0,0
158,0,3,0,0,0,0,0,0,0,[''],[0],0,0,0
159,0,3,0,0,3,3000,1,1,2,['Lead Programmer'],[0],0,0,0
160,0,3,0,0,3,0,0,2,14,['Tadahisa Tanaka'],[0],0,0,0
161,0,3,0,0,3,0,0,2,9,['Yutaka Watanabe'],[0],0,0,0
162,0,3,0,0,3,0,0,6,0,[''],[0],0,0,30
163,0,3,0,0,3,0,0,1,2,['Programmer'],[0],0,0,0
164,0,3,0,0,3,0,0,3,4,['Takaaki Matsudate'],[0],0,0,0
165,0,3,0,0,3,0,0,3,4,['Yosuke Hirata'],[0],0,0,0
166,0,3,0,0,3,0,0,3,4,['Yasuhiko Usui'],[0],0,0,0
167,0,3,0,0,3,0,0,3,4,['Yasuyuki Nakayabu'],[0],0,0,0
168,0,3,0,0,3,0,0,3,4,['Kazuya Yamagishi'],[0],0,0,0
169,0,3,0,0,3,0,0,3,4,['Takafumi Ogihara'],[0],0,0,0
170,0,3,0,0,3,0,0,3,4,['Noriyuki Katsuta'],[0],0,0,0
171,0,3,0,0,3,0,0,3,4,['Taichi Inomata'],[0],0,0,0
172,0,3,0,0,3,0,0,3,4,[''],[0],0,0,0
173,0,3,0,0,0,0,0,0,0,[''],[0],0,0,0
174,0,3,0,0,3,3000,1,1,2,['Programmer'],[0],0,0,0
175,0,3,0,0,3,0,0,6,0,[''],[0],0,0,30
176,0,3,0,0,3,0,0,1,4,['Pegasus Japan Corp.'],[0],0,0,0
177,0,3,0,0,3,0,0,1,4,['Naoki Matsuo'],[0],0,0,0
178,0,3,0,0,3,0,0,1,4,['Yasutaka Hayashi'],[0],0,0,0
179,0,3,0,0,3,0,0,6,0,[''],[0],0,0,30
180,0,3,0,0,3,0,0,1,4,"['extreme Co.,LTD.']",[0],0,0,0
181,0,3,0,0,3,0,0,1,4,['Takayuki Harumoto'],[0],0,0,0
182,0,3,0,0,3,0,0,1,4,['Masahiro Hikino'],[0],0,0,0
183,0,3,0,0,0,0,0,0,0,[''],[0],0,0,0
184,0,3,0,0,3,3000,1,1,2,['Technical Director'],[0],0,0,0
185,0,3,0,0,3,0,0,1,4,['Taketsugu Yamamoto'],[0],0,0,0
186,0,3,0,0,3,0,0,6,0,[''],[0],0,0,30
187,0,3,0,0,3,0,0,1,2,['Lead Server Engineer'],[0],0,0,0
188,0,3,0,0,3,0,0,1,4,['Takaharu Yoshida'],[0],0,0,0
189,0,3,0,0,3,0,0,6,0,[''],[0],0,0,30
190,0,3,0,0,3,0,0,1,2,['Server Engineer'],[0],0,0,0
191,0,3,0,0,3,0,0,2,14,['Taketsugu Yamamoto'],[0],0,0,0
192,0,3,0,0,3,0,0,2,9,['Satoshi Hasegawa'],[0],0,0,0
193,0,3,0,0,3,0,0,2,14,['Katsuya Sato'],[0],0,0,0
194,0,3,0,0,3,0,0,2,9,['Kazuhiro Hanai'],[0],0,0,0
195,0,3,0,0,3,0,0,6,0,[''],[0],0,0,30
196,0,3,0,0,3,0,0,1,2,['Sound Designer'],[0],0,0,0
197,0,3,0,0,3,0,0,1,4,['Toshiko Tasaki'],[0],0,0,0
198,0,3,0,0,0,0,0,0,0,[''],[0],0,0,0
199,0,3,0,0,3,3000,1,1,2,['Lead Artist'],[0],0,0,0
200,0,3,0,0,3,0,0,1,4,['Yoshiko Takahashi'],[0],0,0,0
201,0,3,0,0,3,0,0,6,0,[''],[0],0,0,30
202,0,3,0,0,3,0,0,1,2,['3D Map Artist'],[0],0,0,0
203,0,3,0,0,3,0,0,1,4,['Akiko Iwamatsu'],[0],0,0,0
204,0,3,0,0,3,0,0,1,4,"['Yutaka Koizumi (extreme Co.,LTD.)']",[0],0,0,0
205,0,3,0,0,3,0,0,1,4,['Masayo Kobayashi (KAYAC AKIBA STUDIO Inc.)'],[0],0,0,0
206,0,3,0,0,3,0,0,6,0,[''],[0],0,0,30
207,0,3,0,0,3,0,0,1,2,['Character Artists'],[0],0,0,0
208,0,3,0,0,3,0,0,3,4,['Tatsuya Ohara'],[0],0,0,0
209,0,3,0,0,3,0,0,3,4,['Hiroshi Yoshimura'],[0],0,0,0
210,0,3,0,0,3,0,0,3,4,['Nanami Wakaura'],[0],0,0,0
211,0,3,0,0,0,0,0,0,0,[''],[0],0,0,0
212,0,3,0,0,3,3000,1,1,2,['Lead Illustrator'],[0],0,0,0
213,0,3,0,0,3,0,0,1,4,['UCMM'],[0],0,0,0
214,0,3,0,0,3,0,0,6,0,[''],[0],0,0,30
215,0,3,0,0,3,0,0,1,2,['Illustrator'],[0],0,0,0
216,0,3,0,0,3,0,0,2,14,['Shiori Toda'],[0],0,0,0
217,0,3,0,0,3,0,0,2,9,['Aya Fukuhira'],[0],0,0,0
218,0,3,0,0,3,0,0,2,14,['Mao Yonezawa'],[0],0,0,0
219,0,3,0,0,3,0,0,2,9,['Kodai Okamoto'],[0],0,0,0
220,0,3,0,0,3,0,0,6,0,[''],[0],0,0,30
221,0,3,0,0,3,0,0,1,2,['Monster Artist'],[0],0,0,0
222,0,3,0,0,3,0,0,1,4,['UCMM'],[0],0,0,0
223,0,3,0,0,3,0,0,1,4,['Masayoshi Nishimura (HECATONCHEIR Inc.)'],[0],0,0,0
224,0,3,0,0,0,0,0,0,0,[''],[0],0,0,0
225,0,3,0,0,3,3000,1,1,2,['Lead UI Artist'],[0],0,0,0
226,0,3,0,0,3,0,0,1,4,"['Mami Kusano (Artrotica, Inc)']",[0],0,0,0
227,0,3,0,0,3,0,0,6,0,[''],[0],0,0,30
228,0,3,0,0,3,0,0,1,2,['UI Artist'],[0],0,0,0
229,0,3,0,0,3,0,0,3,4,['Rina Mori'],[0],0,0,0
230,0,3,0,0,3,0,0,3,4,['Natsuki Ota'],[0],0,0,0
231,0,3,0,0,3,0,0,3,4,['Ayumi Yanai'],[0],0,0,0
232,0,3,0,0,3,0,0,1,4,['Kiyohiro Tahira'],[0],0,0,0
233,0,3,0,0,3,0,0,6,0,[''],[0],0,0,30
234,0,3,0,0,3,0,0,1,2,['Effect Artist'],[0],0,0,0
235,0,3,0,0,3,0,0,1,4,['PANYA PORNPAT'],[0],0,0,0
236,0,3,0,0,3,0,0,6,0,[''],[0],0,0,30
237,0,3,0,0,3,0,0,1,2,['Technical Artist'],[0],0,0,0
238,0,3,0,0,3,0,0,2,14,['Yumiko Sugiyama'],[0],0,0,0
239,0,3,0,0,3,0,0,2,9,['Madoka Nakamura'],[0],0,0,0
240,0,3,0,0,0,0,0,0,0,[''],[0],0,0,0
241,0,3,0,0,3,3000,1,1,2,['Lead Game Designer'],[0],0,0,0
242,0,3,0,0,3,0,0,1,4,['Kota Osaki'],[0],0,0,0
243,0,3,0,0,3,0,0,6,0,[''],[0],0,0,30
244,0,3,0,0,3,0,0,1,2,['Game Designer'],[0],0,0,0
245,0,3,0,0,3,0,0,3,4,['Keitaro Hanai'],[0],0,0,0
246,0,3,0,0,3,0,0,3,4,['Yusuke Takakura'],[0],0,0,0
247,0,3,0,0,3,0,0,3,4,['Junya Fujii'],[0],0,0,0
248,0,3,0,0,3,0,0,3,4,['Norihisa Kin'],[0],0,0,0
249,0,3,0,0,3,0,0,3,4,['Hiroshi Ikegami'],[0],0,0,0
250,0,3,0,0,3,0,0,3,4,[''],[0],0,0,0
251,0,3,0,0,3,0,0,1,9,"['Shoya Onodera (Lambda Planning Co., Ltd.)']",[0],0,0,0
252,0,3,0,0,3,0,0,6,0,[''],[0],0,0,30
253,0,3,0,0,3,0,0,1,2,['Level Designer'],[0],0,0,0
254,0,3,0,0,3,0,0,2,14,"['Tsuyoshi Ariji (extreme Co.,LTD.)']",[0],0,0,0
255,0,3,0,0,3,0,0,2,9,['Atsuhito Watanabe (Otogi LLC)'],[0],0,0,0
256,0,3,0,0,3,0,0,2,14,['Nobuyuki Katakura'],[0],0,0,0
257,0,3,0,0,3,0,0,2,9,['Hironobu Susuda (Otogi LLC)'],[0],0,0,0
258,0,3,0,0,3,0,0,2,14,['Shintaro Nishida (Otogi LLC)'],[0],0,0,0
259,0,3,0,0,3,0,0,2,9,[''],[0],0,0,0
260,0,3,0,0,0,0,0,0,0,[''],[0],0,0,0
261,0,3,0,0,3,3000,1,1,2,['Main Story Designer'],[0],0,0,0
262,0,3,0,0,3,0,0,2,14,['Kei Urushibata'],[0],0,0,0
263,0,3,0,0,3,0,0,2,9,"['Ayumi Higuchi (DICO Co., Ltd.)']",[0],0,0,0
264,0,3,0,0,3,0,0,6,0,[''],[0],0,0,30
265,0,3,0,0,3,0,0,1,2,['Traveler Story Designer'],[0],0,0,0
266,0,3,0,0,3,0,0,2,14,['Tatsuya Ohara'],[0],0,0,0
267,0,3,0,0,3,0,0,2,9,['Chiharu Tanaka'],[0],0,0,0
268,0,3,0,0,3,0,0,2,14,['Mizuki Sato'],[0],0,0,0
269,0,3,0,0,3,0,0,2,9,['Toshihide Hatanaka'],[0],0,0,0
270,0,3,0,0,3,0,0,1,4,"['Kazumasa Maeda (Lambda Planning Co., Ltd.)']",[0],0,0,0
271,0,3,0,0,3,0,0,6,0,[''],[0],0,0,30
272,0,3,0,0,3,0,0,1,2,['Scenario Writer'],[0],0,0,0
273,0,3,0,0,3,0,0,1,4,['Suguru Yoshihashi (DoIT Corporation)'],[0],0,0,0
274,0,3,0,0,3,0,0,3,4,['Kota Arikawa'],[0],0,0,0
275,0,3,0,0,3,0,0,3,4,['Kou Shigenobu'],[0],0,0,0
276,0,3,0,0,3,0,0,3,4,['Tsukasa Seo'],[0],0,0,0
277,0,3,0,0,0,0,0,0,0,[''],[0],0,0,0
278,0,3,0,0,3,3000,1,1,1,['Quality Assurance'],[0],0,0,0
279,0,3,0,0,3,0,0,6,0,[''],[0],0,0,30
280,0,3,0,0,3,0,0,1,2,['Coordinator'],[0],0,0,0
281,0,3,0,0,3,0,0,1,4,['Maki Nakajima'],[0],0,0,0
282,0,3,0,0,3,0,0,6,0,[''],[0],0,0,30
283,0,3,0,0,3,0,0,1,2,['Assistant Coordinator'],[0],0,0,0
284,0,3,0,0,3,0,0,2,14,['Daisuke Uchiyama'],[0],0,0,0
285,0,3,0,0,3,0,0,2,9,['Yoshitaka Nakamura'],[0],0,0,0
286,0,3,0,0,3,0,0,6,0,[''],[0],0,0,30
287,0,3,0,0,3,0,0,1,2,['Lead QA'],[0],0,0,0
288,0,3,0,0,3,0,0,1,4,['Junki Shioya'],[0],0,0,0
289,0,3,0,0,0,0,0,0,0,[''],[0],0,0,0
290,0,4,75000,0,3,3000,1,5,0,[''],[8049],0,0,0
291,0,5,78000,0,3,3000,1,5,0,[''],[9062],0,0,0
292,0,6,81000,0,0,0,0,0,0,[''],[0],0,0,0
1000,1,0,0,0,0,0,0,0,0,[''],[0],0,0,0
1001,1,1,0,0,6,0,0,0,0,[''],[0],0,0,0
1002,1,1,0,141,4,0,0,0,0,[''],[0],0,0,0
1003,1,1,0,0,1,0,0,5,0,[''],[8000],0,0,0
1004,1,1,0,0,3,3000,1,1,3,[''],[0],0,0,0
1005,1,2,3000,0,3,8000,400,1,1,['- English Version Staff -'],[0],0,0,0
1006,1,2,0,0,3,0,0,6,0,[''],[0],0,0,30
1007,1,2,0,0,3,0,0,1,16,['Producer'],[0],0,0,0
1008,1,2,0,0,3,0,0,6,0,[''],[0],0,0,10
1009,1,2,0,0,3,0,0,1,17,['Hirohito Suzuki'],[0],0,0,0
1010,1,2,0,0,3,0,0,6,0,[''],[0],0,0,30
1011,1,2,0,0,3,0,0,1,16,['Assistant Producer'],[0],0,0,0
1012,1,2,0,0,3,0,0,6,0,[''],[0],0,0,10
1013,1,2,0,0,3,0,0,2,14,['Takashi Yamada'],[0],0,0,0
1014,1,2,0,0,3,0,0,2,9,['Takahiro Inoue'],[0],0,0,0
1015,1,2,0,0,0,0,0,0,0,[''],[0],0,0,0
1016,1,2,0,0,3,6000,300,1,16,['Director'],[0],0,0,0
1017,1,2,0,0,3,0,0,6,0,[''],[0],0,0,10
1018,1,2,0,0,3,0,0,3,17,['Satoshi Takioka'],[0],0,0,0
1019,1,2,0,0,3,0,0,3,17,['Tetsufumi Tanaka'],[0],0,0,0
1020,1,2,0,0,3,0,0,3,17,['Mitsuhiro Ichida'],[0],0,0,0
1021,1,2,0,0,3,0,0,6,0,[''],[0],0,0,30
1022,1,2,0,0,3,0,0,2,16,['Project Manager'],[0],0,0,0
1023,1,2,0,0,3,0,0,2,16,['Manager'],[0],0,0,0
1024,1,2,0,0,3,0,0,6,0,[''],[0],0,0,10
1025,1,2,0,0,3,0,0,2,17,['Yuichi Shimamura'],[0],0,0,0
1026,1,2,0,0,3,0,0,2,17,['Naoya Kisogawa'],[0],0,0,0
1027,1,2,0,0,3,0,0,6,0,[''],[0],0,0,30
1028,1,2,0,0,3,0,0,1,16,['Planner'],[0],0,0,0
1029,1,2,0,0,3,0,0,6,0,[''],[0],0,0,10
1030,1,2,0,0,3,0,0,3,17,['Minato Kunigami'],[0],0,0,0
1031,1,2,0,0,3,0,0,3,17,['Hideji Kusumoto'],[0],0,0,0
1032,1,2,0,0,3,0,0,3,17,['Atsuya Nemoto'],[0],0,0,0
1033,1,2,0,0,3,0,0,3,17,['Takeru Tanaka'],[0],0,0,0
1034,1,2,0,0,3,0,0,3,17,['Takayuki Ikeda'],[0],0,0,0
1035,1,2,0,0,3,0,0,3,17,['Yudai Suwa'],[0],0,0,0
1036,1,2,0,0,0,0,0,0,0,[''],[0],0,0,0
1037,1,2,0,0,3,6000,300,1,16,['Designer'],[0],0,0,0
1038,1,2,0,0,3,0,0,6,0,[''],[0],0,0,10
1039,1,2,0,0,3,0,0,3,17,['Naoki Hirosawa'],[0],0,0,0
1040,1,2,0,0,3,0,0,3,17,['Shogo Tsuge'],[0],0,0,0
1041,1,2,0,0,3,0,0,3,17,['Aiko Setoguchi'],[0],0,0,0
1042,1,2,0,0,3,0,0,6,0,[''],[0],0,0,30
1043,1,2,0,0,3,0,0,1,16,['Programmer'],[0],0,0,0
1044,1,2,0,0,3,0,0,6,0,[''],[0],0,0,10
1045,1,2,0,0,3,0,0,3,17,['Reo Ueda'],[0],0,0,0
1046,1,2,0,0,3,0,0,3,17,['Hiroki Tomino'],[0],0,0,0
1047,1,2,0,0,3,0,0,3,17,['Kousuke Ueno'],[0],0,0,0
1048,1,2,0,0,3,0,0,3,17,['Tomohito Higuchi'],[0],0,0,0
1049,1,2,0,0,3,0,0,3,17,['Masashi Kitamura'],[0],0,0,0
1050,1,2,0,0,3,0,0,3,17,['Takamasa Koushima'],[0],0,0,0
1051,1,2,0,0,3,0,0,6,0,[''],[0],0,0,30
1052,1,2,0,0,3,0,0,1,16,['QA'],[0],0,0,0
1053,1,2,0,0,3,0,0,6,0,[''],[0],0,0,10
1054,1,2,0,0,3,0,0,3,17,['Shizuo Aoki'],[0],0,0,0
1055,1,2,0,0,3,0,0,3,17,['Kyohei Hori'],[0],0,0,0
1056,1,2,0,0,3,0,0,3,17,['Yuya Ozaki'],[0],0,0,0
1057,1,2,0,0,3,0,0,3,17,['Ryota Ozeki'],[0],0,0,0
1058,1,2,0,0,3,0,0,3,17,['Mihou Okamoto'],[0],0,0,0
1059,1,2,0,0,3,0,0,3,17,['Mikihito Imai'],[0],0,0,0
1060,1,2,0,0,3,0,0,3,17,['Ayame Nakagawa'],[0],0,0,0
1061,1,2,0,0,3,0,0,3,17,['ReiRii Yoshimura'],[0],0,0,0
1062,1,2,0,0,3,0,0,3,17,[''],[0],0,0,0
1063,1,2,0,0,0,0,0,0,0,[''],[0],0,0,0
1064,1,2,0,0,3,6000,300,1,1,['Localization'],[0],0,0,0
1065,1,2,0,0,3,0,0,6,0,[''],[0],0,0,30
1066,1,2,0,0,3,0,0,1,16,['Lead Localization PM'],[0],0,0,0
1067,1,2,0,0,3,0,0,6,0,[''],[0],0,0,10
1068,1,2,0,0,3,0,0,1,17,['Chi Xiong'],[0],0,0,0
1069,1,2,0,0,3,0,0,6,0,[''],[0],0,0,30
1070,1,2,0,0,3,0,0,2,16,['Localization Coordinator'],[0],0,0,0
1071,1,2,0,0,3,0,0,2,16,['Assistant Localization PM'],[0],0,0,0
1072,1,2,0,0,3,0,0,6,0,[''],[0],0,0,10
1073,1,2,0,0,3,0,0,2,17,['Wako Yokoyama'],[0],0,0,0
1074,1,2,0,0,3,0,0,2,17,['Ai Atsumi'],[0],0,0,0
1075,1,2,0,0,3,0,0,6,0,[''],[0],0,0,30
1076,1,2,0,0,3,0,0,1,16,['Localization Support'],[0],0,0,0
1077,1,2,0,0,3,0,0,6,0,[''],[0],0,0,10
1078,1,2,0,0,3,0,0,3,17,['Taigi Mimuro'],[0],0,0,0
1079,1,2,0,0,3,0,0,3,17,['Tsubasa Fujisaki'],[0],0,0,0
1080,1,2,0,0,3,0,0,3,17,['Jonathan Newell'],[0],0,0,0
1081,1,2,0,0,0,0,0,0,0,[''],[0],0,0,0
1082,1,2,0,0,3,6600,300,1,1,['- Original Staff -'],[0],0,0,0
1083,1,2,0,0,3,0,0,6,0,[''],[0],0,0,30
1084,1,2,0,0,3,0,0,1,16,['Producer'],[0],0,0,0
1085,1,2,0,0,3,0,0,6,0,[''],[0],0,0,10
1086,1,2,0,0,3,0,0,1,17,['Yuki Yokoyama'],[0],0,0,0
1087,1,2,0,0,3,0,0,6,0,[''],[0],0,0,30
1088,1,2,0,0,3,0,0,1,16,['Assistant Producer'],[0],0,0,0
1089,1,2,0,0,3,0,0,6,0,[''],[0],0,0,10
1090,1,2,0,0,3,0,0,2,14,['Takashi Yamada'],[0],0,0,0
1091,1,2,0,0,3,0,0,2,9,['Yuko Ishigaki'],[0],0,0,0
1092,1,2,0,0,0,0,0,0,0,[''],[0],0,0,0
1093,1,2,0,0,3,6000,300,1,16,['Director'],[0],0,0,0
1094,1,2,0,0,3,0,0,6,0,[''],[0],0,0,10
1095,1,2,0,0,3,0,0,3,17,['Yasuhiro Kidera'],[0],0,0,0
1096,1,2,0,0,3,0,0,3,17,['Hirohito Suzuki'],[0],0,0,0
1097,1,2,0,0,3,0,0,3,17,['Hiroshi Marumoto'],[0],0,0,0
1098,1,2,0,0,0,0,0,0,0,[''],[0],0,0,0
1099,1,2,0,0,3,6000,300,1,16,['Scenario'],[0],0,0,0
1100,1,2,0,0,3,0,0,6,0,[''],[0],0,0,10
1101,1,2,0,0,3,0,0,1,17,['Kakunoshin Futsuzawa'],[0],0,0,0
1102,1,2,0,0,3,0,0,6,0,[''],[0],0,0,30
1103,1,2,0,0,3,0,0,1,16,['Writer (Master of Power)'],[0],0,0,0
1104,1,2,0,0,3,0,0,6,0,[''],[0],0,0,10
1105,1,2,0,0,3,0,0,1,17,['Masaru Hatano'],[0],0,0,0
1106,1,2,0,0,3,0,0,6,0,[''],[0],0,0,30
1107,1,2,0,0,3,0,0,1,16,['Music'],[0],0,0,0
1108,1,2,0,0,3,0,0,6,0,[''],[0],0,0,10
1109,1,2,0,0,3,0,0,1,17,['Yasunori Nishiki'],[0],0,0,0
1110,1,2,0,0,3,0,0,6,0,[''],[0],0,0,30
1111,1,2,0,0,3,0,0,1,16,['Key Visual'],[0],0,0,0
1112,1,2,0,0,3,0,0,6,0,[''],[0],0,0,10
1113,1,2,0,0,3,0,0,1,17,['Naoki Ikushima'],[0],0,0,0
1114,1,2,0,0,0,0,0,0,0,[''],[0],0,0,0
1115,1,2,0,0,3,6000,300,1,16,['Lead Game Designer'],[0],0,0,0
1116,1,2,0,0,3,0,0,6,0,[''],[0],0,0,10
1117,1,2,0,0,3,0,0,1,17,['Kota Osaki'],[0],0,0,0
1118,1,2,0,0,3,0,0,6,0,[''],[0],0,0,30
1119,1,2,0,0,3,0,0,1,16,['Lead Illustrator'],[0],0,0,0
1120,1,2,0,0,3,0,0,6,0,[''],[0],0,0,10
1121,1,2,0,0,3,0,0,1,17,['UCMM'],[0],0,0,0
1122,1,2,0,0,3,0,0,6,0,[''],[0],0,0,30
1123,1,2,0,0,3,0,0,1,16,['2D Pixel Designer'],[0],0,0,0
1124,1,2,0,0,3,0,0,6,0,[''],[0],0,0,10
1125,1,2,0,0,3,0,0,1,17,['Shizuka Morimoto'],[0],0,0,0
1126,1,2,0,0,0,0,0,0,0,[''],[0],0,0,0
1127,1,2,0,0,3,6000,300,1,16,['Development Director'],[0],0,0,0
1128,1,2,0,0,3,0,0,6,0,[''],[0],0,0,10
1129,1,2,0,0,3,0,0,1,17,['Masanori Minami'],[0],0,0,0
1130,1,2,0,0,3,0,0,6,0,[''],[0],0,0,30
1131,1,2,0,0,3,0,0,1,16,['Development Programmer'],[0],0,0,0
1132,1,2,0,0,3,0,0,6,0,[''],[0],0,0,10
1133,1,2,0,0,3,0,0,1,17,['Kazuki Tsumura'],[0],0,0,0
1134,1,2,0,0,3,0,0,6,0,[''],[0],0,0,30
1135,1,2,0,0,3,0,0,1,16,['Development Project Manager'],[0],0,0,0
1136,1,2,0,0,3,0,0,6,0,[''],[0],0,0,10
1137,1,2,0,0,3,0,0,1,17,['Morihiko Shimokaisho'],[0],0,0,0
1138,1,2,0,0,0,0,0,0,0,[''],[0],0,0,0
1139,1,2,0,0,3,6600,300,1,16,['Concept and Production'],[0],0,0,0
1140,1,2,0,0,3,0,0,6,0,[''],[0],0,0,10
1141,1,2,0,0,3,0,0,1,17,['Tomoya Asano'],[0],0,0,0
1142,1,2,0,0,0,0,0,0,0,[''],[0],0,0,0
1143,1,2,67200,0,1,8000,0,5,0,[''],[8001],0,0,0
1144,1,2,0,0,0,0,0,0,0,[''],[0],0,0,0
1145,1,3,78000,0,6,0,0,0,0,[''],[0],0,0,0
1146,1,3,78000,0,1,500,0,5,0,[''],[8072],0,0,0
1147,1,3,78000,0,2,0,0,1,1,['Cast'],[0],300,0,0
1148,1,3,0,0,2,0,0,5,0,[''],[8368],0,0,0
1149,1,3,0,0,2,0,0,6,0,[''],[0],0,0,20
1150,1,3,0,0,2,0,0,2,13,"['“Master of Wealth”, Herminia']",[0],0,0,0
1151,1,3,0,0,2,0,0,2,9,['Atsuko Tanaka'],[0],0,0,0
1152,1,3,0,0,2,0,0,6,0,[''],[0],0,0,30
1153,1,3,0,0,2,0,0,2,13,"['“Master of Power”, Tytos']",[0],0,0,0
1154,1,3,0,0,2,0,0,2,9,['Rikiya Koyama'],[0],0,0,0
1155,1,3,0,0,2,0,0,6,0,[''],[0],0,0,30
1156,1,3,0,0,2,0,0,2,13,"['“Master of Fame”, Auguste']",[0],0,0,0
1157,1,3,0,0,2,0,0,2,9,['Daisuke Namikawa'],[0],0,0,0
1158,1,3,0,0,2,0,0,6,0,[''],[0],0,0,30
1159,1,3,0,0,2,0,0,2,13,"['“Master of All”, King Pardis III']",[0],0,0,0
1160,1,3,0,0,2,0,0,2,9,['Tessyo Genda'],[0],0,0,0
1161,1,3,0,0,2,0,0,6,0,[''],[0],0,0,30
1162,1,3,0,0,2,0,0,2,14,['Mai Aizawa'],[0],0,0,0
1163,1,3,0,0,2,0,0,2,9,['Ruriko Aoki'],[0],0,0,0
1164,1,3,0,0,2,0,0,2,14,['Hirosato Amano'],[0],0,0,0
1165,1,3,0,0,2,0,0,2,9,['Yu Ayase'],[0],0,0,0
1166,1,3,0,0,2,0,0,2,14,['Kaito Ishikawa'],[0],0,0,0
1167,1,3,0,0,2,0,0,2,9,['Haruki Ishiya'],[0],0,0,0
1168,1,3,0,0,2,0,0,2,14,['Mitsuhiro Ichiki'],[0],0,0,0
1169,1,3,0,0,2,0,0,2,9,['Jun Inoue'],[0],0,0,0
1170,1,3,0,0,2,0,0,2,14,['Masaaki Ihara'],[0],0,0,0
1171,1,3,0,0,2,0,0,2,9,['Manaka Iwami'],[0],0,0,0
1172,1,3,0,0,2,0,0,2,14,['Ryo Iwasaki'],[0],0,0,0
1173,1,3,0,0,2,0,0,2,9,['Toshiki Iwasawa'],[0],0,0,0
1174,1,3,0,0,2,0,0,2,14,['Umehara Yuuichirou'],[0],0,0,0
1175,1,3,0,0,2,0,0,2,9,['Thoshihiro Okubo'],[0],0,0,0
1176,1,3,0,0,2,0,0,2,14,['Takamichi Otubo'],[0],0,0,0
1177,1,3,0,0,2,0,0,2,9,['Kousuke Oonishi'],[0],0,0,0
1178,1,3,0,0,2,0,0,2,14,['Saori Onishi'],[0],0,0,0
1179,1,3,0,0,2,0,0,2,9,['Tomohiro Ohmachi'],[0],0,0,0
1180,1,3,0,0,2,0,0,2,14,['Hisafumi Oda'],[0],0,0,0
1181,1,3,0,0,2,0,0,2,9,['Hiroko Oniura'],[0],0,0,0
1182,1,3,0,0,2,0,0,2,14,['Michiya Omata'],[0],0,0,0
1183,1,3,0,0,2,0,0,2,9,['Yuhko Kaida'],[0],0,0,0
1184,1,3,0,0,2,0,0,2,14,['Ai Kakuma'],[0],0,0,0
1185,1,3,0,0,2,0,0,2,9,['Ikuto Kanemasa'],[0],0,0,0
1186,1,3,0,0,2,0,0,2,14,['Ai Kayano'],[0],0,0,0
1187,1,3,0,0,2,0,0,2,9,['Aya Kawakami'],[0],0,0,0
1188,1,3,0,0,2,0,0,2,14,['Hiyori Kono'],[0],0,0,0
1189,1,3,0,0,2,0,0,2,9,['Houko Kuwashima'],[0],0,0,0
1190,1,3,0,0,2,0,0,2,14,['Katsuyuki Konishi'],[0],0,0,0
1191,1,3,0,0,2,0,0,2,9,['Arisa Sakuraba'],[0],0,0,0
1192,1,3,0,0,2,0,0,2,14,['Takuma Sasaki'],[0],0,0,0
1193,1,3,0,0,2,0,0,2,9,['Haruka Shimizu'],[0],0,0,0
1194,1,3,0,0,2,0,0,2,14,['Yutarou Shirato'],[0],0,0,0
1195,1,3,0,0,2,0,0,2,9,['Shiori Sugiura'],[0],0,0,0
1196,1,3,0,0,2,0,0,2,14,['Ayumi Suzushiro'],[0],0,0,0
1197,1,3,0,0,2,0,0,2,9,['Ayaka Suwa'],[0],0,0,0
1198,1,3,0,0,2,0,0,2,14,['Tomokazu Seki'],[0],0,0,0
1199,1,3,0,0,2,0,0,2,9,['Sayaka Sembongi'],[0],0,0,0
1200,1,3,0,0,2,0,0,2,14,['Kouichi Souma'],[0],0,0,0
1201,1,3,0,0,2,0,0,2,9,['Shoumaru Zouza'],[0],0,0,0
1202,1,3,0,0,2,0,0,2,14,['Soungdok'],[0],0,0,0
1203,1,3,0,0,2,0,0,2,9,['Toshitugu Takashina'],[0],0,0,0
1204,1,3,0,0,2,0,0,2,14,['Sakie Takada'],[0],0,0,0
1205,1,3,0,0,2,0,0,2,9,['Shinya Takahashi'],[0],0,0,0
1206,1,3,0,0,2,0,0,2,14,['Tomoyo Takayanagi'],[0],0,0,0
1207,1,3,0,0,2,0,0,2,9,['Eiji Takeuchi'],[0],0,0,0
1208,1,3,0,0,2,0,0,2,14,['Kouji Takeda'],[0],0,0,0
1209,1,3,0,0,2,0,0,2,9,['Akihiro Tajima'],[0],0,0,0
1210,1,3,0,0,2,0,0,2,14,['Tadanori Date'],[0],0,0,0
1211,1,3,0,0,2,0,0,2,9,['Ayumi Tsunematsu'],[0],0,0,0
1212,1,3,0,0,2,0,0,2,14,['Takako Tanaka'],[0],0,0,0
1213,1,3,0,0,2,0,0,2,9,['Kensuke Tamura'],[0],0,0,0
1214,1,3,0,0,2,0,0,2,14,['Teruyuki Tanzawa'],[0],0,0,0
1215,1,3,0,0,2,0,0,2,9,['Tomoko Tsuduki'],[0],0,0,0
1216,1,3,0,0,2,0,0,2,14,['Shunichi Toki'],[0],0,0,0
1217,1,3,0,0,2,0,0,2,9,['Tatsuya Tokutake'],[0],0,0,0
1218,1,3,0,0,2,0,0,2,14,['Takaaki Torashima'],[0],0,0,0
1219,1,3,0,0,2,0,0,2,9,['Kohsuke Toriumi'],[0],0,0,0
1220,1,3,0,0,2,0,0,2,14,['Mariko Nagai'],[0],0,0,0
1221,1,3,0,0,2,0,0,2,9,['Sanae Nakata'],[0],0,0,0
1222,1,3,0,0,2,0,0,2,14,['Yoshikazu Nagano'],[0],0,0,0
1223,1,3,0,0,2,0,0,2,9,['Juri Nagatsuma'],[0],0,0,0
1224,1,3,0,0,2,0,0,2,14,['Eriko Nakamura'],[0],0,0,0
1225,1,3,0,0,2,0,0,2,9,['Chise Nakamura'],[0],0,0,0
1226,1,3,0,0,2,0,0,2,14,['Ruriko Noguchi'],[0],0,0,0
1227,1,3,0,0,2,0,0,2,9,['Naoko Nokubi'],[0],0,0,0
1228,1,3,0,0,2,0,0,2,14,['Takaya Hashi'],[0],0,0,0
1229,1,3,0,0,2,0,0,2,9,['Ikumi Hasegawa'],[0],0,0,0
1230,1,3,0,0,2,0,0,2,14,['Youhei Hamada'],[0],0,0,0
1231,1,3,0,0,2,0,0,2,9,['Toshiyuki Hara'],[0],0,0,0
1232,1,3,0,0,2,0,0,2,14,['Yoko Hikasa'],[0],0,0,0
1233,1,3,0,0,2,0,0,2,9,['Daisuke Hirakawa'],[0],0,0,0
1234,1,3,0,0,2,0,0,2,14,['Yuya Hirose'],[0],0,0,0
1235,1,3,0,0,2,0,0,2,9,['Serika Hiromatsu'],[0],0,0,0
1236,1,3,0,0,2,0,0,2,14,['Fairouz Ai'],[0],0,0,0
1237,1,3,0,0,2,0,0,2,9,['Jun Fukushima'],[0],0,0,0
1238,1,3,0,0,2,0,0,2,14,['Yoko Fujita'],[0],0,0,0
1239,1,3,0,0,2,0,0,2,9,['Kento Fujinuma'],[0],0,0,0
1240,1,3,0,0,2,0,0,2,14,['Kouji Fujiyoshi'],[0],0,0,0
1241,1,3,0,0,2,0,0,2,9,['Takahiro Fujiwara'],[0],0,0,0
1242,1,3,0,0,2,0,0,2,14,['Shun Horie'],[0],0,0,0
1243,1,3,0,0,2,0,0,2,9,['Yuu Maeda'],[0],0,0,0
1244,1,3,0,0,2,0,0,2,14,['Shinobu Matsumoto'],[0],0,0,0
1245,1,3,0,0,2,0,0,2,9,['Yoshitsugu Matsuoka'],[0],0,0,0
1246,1,3,0,0,2,0,0,2,14,['Shuhei Matsuda'],[0],0,0,0
1247,1,3,0,0,2,0,0,2,9,['Daiki Mukouyama'],[0],0,0,0
1248,1,3,0,0,2,0,0,2,14,['Shinnosuke Musashi'],[0],0,0,0
1249,1,3,0,0,2,0,0,2,9,['Takamasa Mogi'],[0],0,0,0
1250,1,3,0,0,2,0,0,2,14,['Junichi Yanagita'],[0],0,0,0
1251,1,3,0,0,2,0,0,2,9,['Masaaki Yano'],[0],0,0,0
1252,1,3,0,0,2,0,0,2,14,['Saori Yamanaka'],[0],0,0,0
1253,1,3,0,0,2,0,0,2,9,['Itaru Yamamoto'],[0],0,0,0
1254,1,3,0,0,2,0,0,2,14,['Aoi Yuki'],[0],0,0,0
1255,1,3,0,0,2,0,0,2,9,['Daisuke Yokota'],[0],0,0,0
1256,1,3,0,0,2,0,0,2,14,['Takuto Yokoyama'],[0],0,0,0
1257,1,3,0,0,2,0,0,2,9,['Asami Yoshida'],[0],0,0,0
1258,1,3,0,0,2,0,0,2,14,['Joichiro Yoshida'],[0],0,0,0
1259,1,3,0,0,2,0,0,2,9,['Natsu Yorita'],[0],0,0,0
1260,1,3,0,0,2,0,0,6,0,[''],[0],0,0,30
1261,1,3,0,0,2,0,0,5,0,[''],[8369],0,0,0
1262,1,3,0,0,2,0,0,6,0,[''],[0],0,0,30
1263,1,3,0,0,2,0,0,1,2,['Presented by'],[0],0,0,0
1264,1,3,0,0,2,0,0,1,1,['SQUARE ENIX'],[0],0,0,0
1265,1,3,0,0,2,0,0,5,0,[''],[8368],0,0,0
1266,1,3,0,0,2,0,0,6,0,[''],[0],0,0,90
1267,1,3,0,0,2,0,0,5,0,[''],[8078],0,0,0
1268,1,3,0,0,2,0,0,6,0,[''],[0],0,0,90
1269,1,3,0,0,2,0,0,2,13,['Producer'],[0],0,0,0
1270,1,3,0,0,2,0,0,2,9,['Hirohito Suzuki'],[0],0,0,0
1271,1,3,0,0,2,0,0,2,9,[''],[0],0,0,0
1272,1,3,0,0,2,0,0,2,9,['Yuki Yokoyama'],[0],0,0,0
1273,1,3,0,0,2,0,0,6,0,[''],[0],0,0,30
1274,1,3,0,0,2,0,0,2,13,['Assistant Producer'],[0],0,0,0
1275,1,3,0,0,2,0,0,2,9,['Takahiro Inoue'],[0],0,0,0
1276,1,3,0,0,2,0,0,2,9,[''],[0],0,0,0
1277,1,3,0,0,2,0,0,2,9,['Takashi Yamada'],[0],0,0,0
1278,1,3,0,0,2,0,0,6,0,[''],[0],0,0,30
1279,1,3,0,0,2,0,0,2,13,['Director'],[0],0,0,0
1280,1,3,0,0,2,0,0,2,9,['Tetsufumi Tanaka'],[0],0,0,0
1281,1,3,0,0,2,0,0,2,9,[''],[0],0,0,0
1282,1,3,0,0,2,0,0,2,9,['Yasuhiro Kidera'],[0],0,0,0
1283,1,3,0,0,2,0,0,2,9,[''],[0],0,0,0
1284,1,3,0,0,2,0,0,2,9,['Shintaro Hosokawa'],[0],0,0,0
1285,1,3,0,0,2,0,0,6,0,[''],[0],0,0,30
1286,1,3,0,0,2,0,0,2,13,['Scenario'],[0],0,0,0
1287,1,3,0,0,2,0,0,2,9,['Kakunoshin Futsuzawa'],[0],0,0,0
1288,1,3,0,0,2,0,0,2,9,[''],[0],0,0,0
1289,1,3,0,0,2,0,0,2,9,['Yutaka Nagayama'],[0],0,0,0
1290,1,3,0,0,2,0,0,6,0,[''],[0],0,0,30
1291,1,3,0,0,2,0,0,2,13,['Game Designer'],[0],0,0,0
1292,1,3,0,0,2,0,0,2,9,['Kota Oosaki'],[0],0,0,0
1293,1,3,0,0,2,0,0,2,9,[''],[0],0,0,0
1294,1,3,0,0,2,0,0,2,9,['Haruki Iijima'],[0],0,0,0
1295,1,3,0,0,2,0,0,6,0,[''],[0],0,0,40
1296,1,3,0,0,2,0,0,1,2,"['Creative Business Unit Ⅱ, Division 6']",[0],0,0,0
1297,1,3,0,0,2,0,0,6,0,[''],[0],0,0,20
1298,1,3,0,0,2,0,0,2,13,['Concept and Production'],[0],0,0,0
1299,1,3,0,0,2,0,0,2,9,['Tomoya Asano'],[0],0,0,0
1300,1,3,0,0,2,0,0,6,0,[''],[0],0,0,30
1301,1,3,0,0,2,0,0,2,13,['2D Pixel Designer'],[0],0,0,0
1302,1,3,0,0,2,0,0,2,9,['Shizuka Morimoto'],[0],0,0,0
1303,1,3,0,0,2,0,0,6,0,[''],[0],0,0,30
1304,1,3,0,0,2,0,0,2,13,['Illustrator'],[0],0,0,0
1305,1,3,0,0,2,0,0,2,9,['Naoki Ikushima'],[0],0,0,0
1306,1,3,0,0,2,0,0,2,9,[''],[0],0,0,0
1307,1,3,0,0,2,0,0,2,9,['Rina Yoshiura'],[0],0,0,0
1308,1,3,0,0,2,0,0,2,9,[''],[0],0,0,0
1309,1,3,0,0,2,0,0,2,9,['Tatsuaki Urushihara'],[0],0,0,0
1310,1,3,0,0,2,0,0,6,0,[''],[0],0,0,30
1311,1,3,0,0,2,0,0,2,13,['Lead Localization PM'],[0],0,0,0
1312,1,3,0,0,2,0,0,2,9,['Chi Xiong'],[0],0,0,0
1313,1,3,0,0,2,0,0,6,0,[''],[0],0,0,30
1314,1,3,0,0,2,0,0,2,13,['Localization Coordinator'],[0],0,0,0
1315,1,3,0,0,2,0,0,2,9,['Wako Yokoyama'],[0],0,0,0
1316,1,3,0,0,2,0,0,6,0,[''],[0],0,0,30
1317,1,3,0,0,2,0,0,2,13,['Assistant Localization PM'],[0],0,0,0
1318,1,3,0,0,2,0,0,2,9,['Ai Atsumi'],[0],0,0,0
1319,1,3,0,0,2,0,0,6,0,[''],[0],0,0,30
1320,1,3,0,0,2,0,0,2,13,['Localization Support'],[0],0,0,0
1321,1,3,0,0,2,0,0,2,9,['Taigi Mimuro'],[0],0,0,0
1322,1,3,0,0,2,0,0,2,9,[''],[0],0,0,0
1323,1,3,0,0,2,0,0,2,9,['Tsubasa Fujisaki'],[0],0,0,0
1324,1,3,0,0,2,0,0,2,9,[''],[0],0,0,0
1325,1,3,0,0,2,0,0,2,9,['Jonathan Newell'],[0],0,0,0
1326,1,3,0,0,2,0,0,6,0,[''],[0],0,0,30
1327,1,3,0,0,2,0,0,2,13,['Technical Director'],[0],0,0,0
1328,1,3,0,0,2,0,0,2,9,['Masayuki Saitoh'],[0],0,0,0
1329,1,3,0,0,2,0,0,6,0,[''],[0],0,0,30
1330,1,3,0,0,2,0,0,2,13,['Project Manager'],[0],0,0,0
1331,1,3,0,0,2,0,0,2,9,['Natsumi Miwa'],[0],0,0,0
1332,1,3,0,0,2,0,0,2,9,[''],[0],0,0,0
1333,1,3,0,0,2,0,0,2,9,['Yuuko Suzuki'],[0],0,0,0
1334,1,3,0,0,2,0,0,6,0,[''],[0],0,0,30
1335,1,3,0,0,2,0,0,1,2,['Special Thanks'],[0],0,0,0
1336,1,3,0,0,2,0,0,6,0,[''],[0],0,0,10
1337,1,3,0,0,2,0,0,2,14,['Masashi Takahashi'],[0],0,0,0
1338,1,3,0,0,2,0,0,2,9,['Masaaki Hayasaka'],[0],0,0,0
1339,1,3,0,0,2,0,0,2,14,['Meri Matsumoto'],[0],0,0,0
1340,1,3,0,0,2,0,0,2,9,['Yasuaki Arai'],[0],0,0,0
1341,1,3,0,0,2,0,0,6,0,[''],[0],0,0,40
1342,1,3,0,0,2,0,0,1,1,['Marketing & PR'],[0],0,0,0
1343,1,3,0,0,2,0,0,6,0,[''],[0],0,0,20
1344,1,3,0,0,2,0,0,2,13,['Director'],[0],0,0,0
1345,1,3,0,0,2,0,0,2,9,['Fumikazu Iwaki'],[0],0,0,0
1346,1,3,0,0,2,0,0,6,0,[''],[0],0,0,40
1347,1,3,0,0,2,0,0,1,1,['Marketing Team'],[0],0,0,0
1348,1,3,0,0,2,0,0,6,0,[''],[0],0,0,20
1349,1,3,0,0,2,0,0,2,13,['Manager'],[0],0,0,0
1350,1,3,0,0,2,0,0,2,9,['Yohei Murakami'],[0],0,0,0
1351,1,3,0,0,2,0,0,6,0,[''],[0],0,0,30
1352,1,3,0,0,2,0,0,2,13,['Lead Planner'],[0],0,0,0
1353,1,3,0,0,2,0,0,2,9,['Gyotaro Sato'],[0],0,0,0
1354,1,3,0,0,2,0,0,6,0,[''],[0],0,0,30
1355,1,3,0,0,2,0,0,2,13,['Planner'],[0],0,0,0
1356,1,3,0,0,2,0,0,2,9,['Yurika Saito'],[0],0,0,0
1357,1,3,0,0,2,0,0,6,0,[''],[0],0,0,40
1358,1,3,0,0,2,0,0,1,1,['Creative Business Unit Ⅳ'],[0],0,0,0
1359,1,3,0,0,2,0,0,6,0,[''],[0],0,0,20
1360,1,3,0,0,2,0,0,2,14,['Yuko Ishigaki'],[0],0,0,0
1361,1,3,0,0,2,0,0,2,9,['Ken Suganuma'],[0],0,0,0
1362,1,3,0,0,2,0,0,2,14,['Yoshio Watanabe'],[0],0,0,0
1363,1,3,0,0,2,0,0,2,9,['Chihiro Tada'],[0],0,0,0
1364,1,3,0,0,2,0,0,2,14,['Yuuji Nohara'],[0],0,0,0
1365,1,3,0,0,2,0,0,2,9,['Tetsujiro Tanaka'],[0],0,0,0
1366,1,3,0,0,2,0,0,2,14,['Syuiti Yoneyama'],[0],0,0,0
1367,1,3,0,0,2,0,0,2,9,['Akira Yamamoto'],[0],0,0,0
1368,1,3,0,0,2,0,0,2,14,['Tomohiro Nagahama'],[0],0,0,0
1369,1,3,0,0,2,0,0,2,9,['Kentaro Hamano'],[0],0,0,0
1370,1,3,0,0,2,0,0,2,14,['Kazuhiko Kobayashi'],[0],0,0,0
1371,1,3,0,0,2,0,0,2,9,['Kohei Takaoka'],[0],0,0,0
1372,1,3,0,0,2,0,0,2,14,['Tomoyuki Kataoka'],[0],0,0,0
1373,1,3,0,0,2,0,0,2,9,['Hirokazu Nishikado'],[0],0,0,0
1374,1,3,0,0,2,0,0,6,0,[''],[0],0,0,30
1375,1,3,0,0,2,0,0,5,0,[''],[8369],0,0,0
1376,1,3,0,0,2,0,0,6,0,[''],[0],0,0,30
1377,1,3,0,0,2,0,0,1,2,['English Version Development'],[0],0,0,0
1378,1,3,0,0,2,0,0,1,1,"['FINE Co., Ltd.']",[0],0,0,0
1379,1,3,0,0,2,0,0,5,0,[''],[8368],0,0,0
1380,1,3,0,0,2,0,0,6,0,[''],[0],0,0,40
1381,1,3,0,0,2,0,0,5,0,[''],[100016],0,0,0
1382,1,3,0,0,2,0,0,6,0,[''],[0],0,0,40
1383,1,3,0,0,2,0,0,2,13,['Director'],[0],0,0,0
1384,1,3,0,0,2,0,0,2,9,['Mitsuhiro Ichida'],[0],0,0,0
1385,1,3,0,0,2,0,0,6,0,[''],[0],0,0,30
1386,1,3,0,0,2,0,0,2,13,['Planner'],[0],0,0,0
1387,1,3,0,0,2,0,0,2,9,['Hideji Kusumoto'],[0],0,0,0
1388,1,3,0,0,2,0,0,2,9,[''],[0],0,0,0
1389,1,3,0,0,2,0,0,2,9,['Atsuya Nemoto'],[0],0,0,0
1390,1,3,0,0,2,0,0,2,9,[''],[0],0,0,0
1391,1,3,0,0,2,0,0,2,9,['Takayuki Ikeda'],[0],0,0,0
1392,1,3,0,0,2,0,0,2,9,[''],[0],0,0,0
1393,1,3,0,0,2,0,0,2,9,['Yudai Suwa'],[0],0,0,0
1394,1,3,0,0,2,0,0,6,0,[''],[0],0,0,30
1395,1,3,0,0,2,0,0,2,13,['Designer'],[0],0,0,0
1396,1,3,0,0,2,0,0,2,9,['Shogo Tsuge'],[0],0,0,0
1397,1,3,0,0,2,0,0,2,9,[''],[0],0,0,0
1398,1,3,0,0,2,0,0,2,9,['Naoki Hirosawa'],[0],0,0,0
1399,1,3,0,0,2,0,0,2,9,[''],[0],0,0,0
1400,1,3,0,0,2,0,0,2,9,['Aiko Setoguchi'],[0],0,0,0
1401,1,3,0,0,2,0,0,6,0,[''],[0],0,0,30
1402,1,3,0,0,2,0,0,2,13,['Programmer'],[0],0,0,0
1403,1,3,0,0,2,0,0,2,9,['Reo Ueda'],[0],0,0,0
1404,1,3,0,0,2,0,0,2,9,[''],[0],0,0,0
1405,1,3,0,0,2,0,0,2,9,['Hiroki Tomino'],[0],0,0,0
1406,1,3,0,0,2,0,0,2,9,[''],[0],0,0,0
1407,1,3,0,0,2,0,0,2,9,['Tomohito Higuchi'],[0],0,0,0
1408,1,3,0,0,2,0,0,2,9,[''],[0],0,0,0
1409,1,3,0,0,2,0,0,2,9,['Kousuke Ueno'],[0],0,0,0
1410,1,3,0,0,2,0,0,2,9,[''],[0],0,0,0
1411,1,3,0,0,2,0,0,2,9,['Masashi Kitamura'],[0],0,0,0
1412,1,3,0,0,2,0,0,2,9,[''],[0],0,0,0
1413,1,3,0,0,2,0,0,2,9,['Takamasa Koushima'],[0],0,0,0
1414,1,3,0,0,2,0,0,6,0,[''],[0],0,0,30
1415,1,3,0,0,2,0,0,2,13,['QA'],[0],0,0,0
1416,1,3,0,0,2,0,0,2,9,['Kyohei Hori'],[0],0,0,0
1417,1,3,0,0,2,0,0,2,9,[''],[0],0,0,0
1418,1,3,0,0,2,0,0,2,9,['Shizuo Aoki'],[0],0,0,0
1419,1,3,0,0,2,0,0,2,9,[''],[0],0,0,0
1420,1,3,0,0,2,0,0,2,9,['Yuya Ozaki'],[0],0,0,0
1421,1,3,0,0,2,0,0,2,9,[''],[0],0,0,0
1422,1,3,0,0,2,0,0,2,9,['Ryota Ozeki'],[0],0,0,0
1423,1,3,0,0,2,0,0,2,9,[''],[0],0,0,0
1424,1,3,0,0,2,0,0,2,9,['Mihou Okamoto'],[0],0,0,0
1425,1,3,0,0,2,0,0,2,9,[''],[0],0,0,0
1426,1,3,0,0,2,0,0,2,9,['Mikihito Imai'],[0],0,0,0
1427,1,3,0,0,2,0,0,2,9,[''],[0],0,0,0
1428,1,3,0,0,2,0,0,2,9,['Ayame Nakagawa'],[0],0,0,0
1429,1,3,0,0,2,0,0,2,9,[''],[0],0,0,0
1430,1,3,0,0,2,0,0,2,9,['ReiRii Yoshimura'],[0],0,0,0
1431,1,3,0,0,2,0,0,6,0,[''],[0],0,0,30
1432,1,3,0,0,2,0,0,2,13,['Manager'],[0],0,0,0
1433,1,3,0,0,2,0,0,2,9,['Naoya Kisogawa'],[0],0,0,0
1434,1,3,0,0,2,0,0,6,0,[''],[0],0,0,30
1435,1,3,0,0,2,0,0,5,0,[''],[8369],0,0,0
1436,1,3,0,0,2,0,0,6,0,[''],[0],0,0,30
1437,1,3,0,0,2,0,0,1,2,['Development'],[0],0,0,0
1438,1,3,0,0,2,0,0,1,1,"['DOKIDOKI GROOVEWORKS, Inc.']",[0],0,0,0
1439,1,3,0,0,2,0,0,5,0,[''],[8368],0,0,0
1440,1,3,0,0,2,0,0,6,0,[''],[0],0,0,40
1441,1,3,0,0,2,0,0,5,0,[''],[9061],0,0,0
1442,1,3,0,0,2,0,0,6,0,[''],[0],0,0,50
1443,1,3,0,0,2,0,0,1,1,['- English Version Staff -'],[0],0,0,0
1444,1,3,0,0,2,0,0,6,0,[''],[0],0,0,20
1445,1,3,0,0,2,0,0,2,13,['Director'],[0],0,0,0
1446,1,3,0,0,2,0,0,2,9,['Satoshi Takioka'],[0],0,0,0
1447,1,3,0,0,2,0,0,6,0,[''],[0],0,0,30
1448,1,3,0,0,2,0,0,2,13,['Project Manager'],[0],0,0,0
1449,1,3,0,0,2,0,0,2,9,['Yuichi Shimamura'],[0],0,0,0
1450,1,3,0,0,2,0,0,6,0,[''],[0],0,0,30
1451,1,3,0,0,2,0,0,2,13,['Planner'],[0],0,0,0
1452,1,3,0,0,2,0,0,2,9,['Minato Kunigami'],[0],0,0,0
1453,1,3,0,0,2,0,0,2,9,[''],[0],0,0,0
1454,1,3,0,0,2,0,0,2,9,['Takeru Tanaka'],[0],0,0,0
1455,1,3,0,0,2,0,0,2,9,[''],[0],0,0,0
1456,1,3,0,0,2,0,0,2,10,['(MANOA-LINO Inc.)'],[0],0,0,0
1457,1,3,0,0,2,0,0,6,0,[''],[0],0,0,40
1458,1,3,0,0,2,0,0,1,1,['- Original Staff -'],[0],0,0,0
1459,1,3,0,0,2,0,0,6,0,[''],[0],0,0,20
1460,1,3,0,0,2,0,0,2,13,['Director'],[0],0,0,0
1461,1,3,0,0,2,0,0,2,9,['Masanori Minami'],[0],0,0,0
1462,1,3,0,0,2,0,0,2,9,[''],[0],0,0,0
1463,1,3,0,0,2,0,0,2,9,['Morihiko Shimokaisho'],[0],0,0,0
1464,1,3,0,0,2,0,0,6,0,[''],[0],0,0,30
1465,1,3,0,0,2,0,0,2,13,['Event Director'],[0],0,0,0
1466,1,3,0,0,2,0,0,2,9,['Eiji Terashima'],[0],0,0,0
1467,1,3,0,0,2,0,0,6,0,[''],[0],0,0,30
1468,1,3,0,0,2,0,0,2,13,['Battle Director'],[0],0,0,0
1469,1,3,0,0,2,0,0,2,9,['Yoshitomo Yamauchi'],[0],0,0,0
1470,1,3,0,0,2,0,0,6,0,[''],[0],0,0,30
1471,1,3,0,0,2,0,0,2,13,['Operations Director'],[0],0,0,0
1472,1,3,0,0,2,0,0,2,9,['Motohide Kubo'],[0],0,0,0
1473,1,3,0,0,2,0,0,6,0,[''],[0],0,0,30
1474,1,3,0,0,2,0,0,2,13,['Art Director'],[0],0,0,0
1475,1,3,0,0,2,0,0,2,9,['Ryo Katori'],[0],0,0,0
1476,1,3,0,0,2,0,0,2,9,[''],[0],0,0,0
1477,1,3,0,0,2,0,0,2,9,['Yukio Fukagawa'],[0],0,0,0
1478,1,3,0,0,2,0,0,6,0,[''],[0],0,0,30
1479,1,3,0,0,2,0,0,2,13,['Community & Service Director'],[0],0,0,0
1480,1,3,0,0,2,0,0,2,9,['Yuki Kitagawa'],[0],0,0,0
1481,1,3,0,0,2,0,0,6,0,[''],[0],0,0,30
1482,1,3,0,0,2,0,0,1,3,['Project Manager'],[0],0,0,0
1483,1,3,0,0,2,0,0,6,0,[''],[0],0,0,10
1484,1,3,0,0,2,0,0,2,14,['Kazunori Shibata'],[0],0,0,0
1485,1,3,0,0,2,0,0,2,9,['Sakae Fukushima'],[0],0,0,0
1486,1,3,0,0,2,0,0,2,14,['Yasuko Midorikawa'],[0],0,0,0
1487,1,3,0,0,2,0,0,2,9,['Yoshiko Shibao'],[0],0,0,0
1488,1,3,0,0,2,0,0,2,14,['Tsukasa Shibata'],[0],0,0,0
1489,1,3,0,0,2,0,0,2,9,['Minori Suzuki'],[0],0,0,0
1490,1,3,0,0,2,0,0,2,14,['Akiyasu Ito'],[0],0,0,0
1491,1,3,0,0,2,0,0,2,9,[''],[0],0,0,0
1492,1,3,0,0,2,0,0,6,0,[''],[0],0,0,30
1493,1,3,0,0,2,0,0,1,3,['Planner'],[0],0,0,0
1494,1,3,0,0,2,0,0,6,0,[''],[0],0,0,10
1495,1,3,0,0,2,0,0,2,14,['Masanori Minami'],[0],0,0,0
1496,1,3,0,0,2,0,0,2,9,['Junji Sendai'],[0],0,0,0
1497,1,3,0,0,2,0,0,2,14,['Kimito Ohmura'],[0],0,0,0
1498,1,3,0,0,2,0,0,2,9,['Yuriya Nakashima'],[0],0,0,0
1499,1,3,0,0,2,0,0,6,0,[''],[0],0,0,20
1500,1,3,0,0,2,0,0,2,14,['Eiji Terashima'],[0],0,0,0
1501,1,3,0,0,2,0,0,2,9,['Koki Tsurumi'],[0],0,0,0
1502,1,3,0,0,2,0,0,2,14,['Kei Urushibata'],[0],0,0,0
1503,1,3,0,0,2,0,0,2,9,['Ayumi Higuchi'],[0],0,0,0
1504,1,3,0,0,2,0,0,2,14,[''],[0],0,0,0
1505,1,3,0,0,2,0,0,2,10,"['(DICO Co., Ltd.)']",[0],0,0,0
1506,1,3,0,0,2,0,0,2,14,['Suguru Yoshihashi'],[0],0,0,0
1507,1,3,0,0,2,0,0,2,9,['Kyoko Hagiwara'],[0],0,0,0
1508,1,3,0,0,2,0,0,2,15,['(DoIT Corporation)'],[0],0,0,0
1509,1,3,0,0,2,0,0,2,9,[''],[0],0,0,0
1510,1,3,0,0,2,0,0,2,14,['Manae Kosho'],[0],0,0,0
1511,1,3,0,0,2,0,0,2,9,[''],[0],0,0,0
1512,1,3,0,0,2,0,0,2,15,"['(FLAME Hearts Co.,Ltd.)']",[0],0,0,0
1513,1,3,0,0,2,0,0,2,9,[''],[0],0,0,0
1514,1,3,0,0,2,0,0,6,0,[''],[0],0,0,20
1515,1,3,0,0,2,0,0,2,14,['Nobuyuki Bando'],[0],0,0,0
1516,1,3,0,0,2,0,0,2,9,['Yosuke Tanaka'],[0],0,0,0
1517,1,3,0,0,2,0,0,2,14,['Koji Shimizu'],[0],0,0,0
1518,1,3,0,0,2,0,0,2,9,['Hideyuki Kodama'],[0],0,0,0
1519,1,3,0,0,2,0,0,2,14,['Kazuhiro Ikemoto'],[0],0,0,0
1520,1,3,0,0,2,0,0,2,9,['Tomoyuki Kawasaki'],[0],0,0,0
1521,1,3,0,0,2,0,0,2,14,[''],[0],0,0,0
1522,1,3,0,0,2,0,0,2,10,"['(CREEK & RIVER Co., Ltd.)']",[0],0,0,0
1523,1,3,0,0,2,0,0,2,14,['Kou Shigenobu'],[0],0,0,0
1524,1,3,0,0,2,0,0,2,9,['Hitoshi Kimura'],[0],0,0,0
1525,1,3,0,0,2,0,0,2,14,['Ayumi Kusajima'],[0],0,0,0
1526,1,3,0,0,2,0,0,2,9,['Kenta Takamitsu'],[0],0,0,0
1527,1,3,0,0,2,0,0,6,0,[''],[0],0,0,20
1528,1,3,0,0,2,0,0,2,14,['Keisuke Mitsui'],[0],0,0,0
1529,1,3,0,0,2,0,0,2,9,['Kaita Kitamura'],[0],0,0,0
1530,1,3,0,0,2,0,0,2,14,['Hideo Ishida'],[0],0,0,0
1531,1,3,0,0,2,0,0,2,9,['Michiko Sugiu'],[0],0,0,0
1532,1,3,0,0,2,0,0,6,0,[''],[0],0,0,20
1533,1,3,0,0,2,0,0,2,14,['Motohide Kubo'],[0],0,0,0
1534,1,3,0,0,2,0,0,2,9,['Kazuaki Shigesada'],[0],0,0,0
1535,1,3,0,0,2,0,0,2,14,['Hisanori Fujiwara'],[0],0,0,0
1536,1,3,0,0,2,0,0,2,9,['Takuya Nakano'],[0],0,0,0
1537,1,3,0,0,2,0,0,2,14,['Kazuisa Hasegawa'],[0],0,0,0
1538,1,3,0,0,2,0,0,2,9,[''],[0],0,0,0
1539,1,3,0,0,2,0,0,6,0,[''],[0],0,0,30
1540,1,3,0,0,2,0,0,1,3,['Level Designer'],[0],0,0,0
1541,1,3,0,0,2,0,0,6,0,[''],[0],0,0,10
1542,1,3,0,0,2,0,0,2,14,['Yoshitomo Yamauchi'],[0],0,0,0
1543,1,3,0,0,2,0,0,2,9,['Atsuhito Watanabe'],[0],0,0,0
1544,1,3,0,0,2,0,0,2,14,[''],[0],0,0,0
1545,1,3,0,0,2,0,0,2,10,['(OTOGI.LLC)'],[0],0,0,0
1546,1,3,0,0,2,0,0,2,14,['Tsuyoshi Ariji'],[0],0,0,0
1547,1,3,0,0,2,0,0,2,9,['Yuuki Tsuzuki'],[0],0,0,0
1548,1,3,0,0,2,0,0,2,15,"['(EXTREME Co.,Ltd.)']",[0],0,0,0
1549,1,3,0,0,2,0,0,2,9,[''],[0],0,0,0
1550,1,3,0,0,2,0,0,2,14,['Yuta Nakazawa'],[0],0,0,0
1551,1,3,0,0,2,0,0,2,9,['Tsuyoshi Koyama'],[0],0,0,0
1552,1,3,0,0,2,0,0,2,14,['Shintaro Nishida'],[0],0,0,0
1553,1,3,0,0,2,0,0,2,9,['Masayuki Akazawa'],[0],0,0,0
1554,1,3,0,0,2,0,0,2,15,['(OTOGI.LLC)'],[0],0,0,0
1555,1,3,0,0,2,0,0,2,9,[''],[0],0,0,0
1556,1,3,0,0,2,0,0,2,14,['Tomoaki Nakamura'],[0],0,0,0
1557,1,3,0,0,2,0,0,2,9,['Shouya Onodera'],[0],0,0,0
1558,1,3,0,0,2,0,0,2,14,[''],[0],0,0,0
1559,1,3,0,0,2,0,0,2,10,"['(Lambda Planning Co., Ltd.)']",[0],0,0,0
1560,1,3,0,0,2,0,0,2,14,['Masakazu Hirose'],[0],0,0,0
1561,1,3,0,0,2,0,0,2,9,['Yuki Kimura'],[0],0,0,0
1562,1,3,0,0,2,0,0,6,0,[''],[0],0,0,30
1563,1,3,0,0,2,0,0,1,3,['Programmer'],[0],0,0,0
1564,1,3,0,0,2,0,0,6,0,[''],[0],0,0,10
1565,1,3,0,0,2,0,0,2,14,['Kazuki Tsumura'],[0],0,0,0
1566,1,3,0,0,2,0,0,2,9,['Tomohiro Kadoya'],[0],0,0,0
1567,1,3,0,0,2,0,0,2,14,['Yumi Inagawa'],[0],0,0,0
1568,1,3,0,0,2,0,0,2,9,['Wataru Ariyoshi'],[0],0,0,0
1569,1,3,0,0,2,0,0,2,14,['Katsuyuki Fukushima'],[0],0,0,0
1570,1,3,0,0,2,0,0,2,9,['Shumpei Kawasato'],[0],0,0,0
1571,1,3,0,0,2,0,0,2,14,['Tsuyoshi Yamashita'],[0],0,0,0
1572,1,3,0,0,2,0,0,2,9,['Keitatsu Kou'],[0],0,0,0
1573,1,3,0,0,2,0,0,2,14,['Ryunosuke Ono'],[0],0,0,0
1574,1,3,0,0,2,0,0,2,9,['Kazuki Hiraishi'],[0],0,0,0
1575,1,3,0,0,2,0,0,2,14,[''],[0],0,0,0
1576,1,3,0,0,2,0,0,2,10,['(Annapurna Inc.)'],[0],0,0,0
1577,1,3,0,0,2,0,0,2,14,['Yoichi Ito'],[0],0,0,0
1578,1,3,0,0,2,0,0,2,9,['Yutaka Ito'],[0],0,0,0
1579,1,3,0,0,2,0,0,2,15,['(Opus Studio Inc.)'],[0],0,0,0
1580,1,3,0,0,2,0,0,2,10,['(Opus Studio Inc.)'],[0],0,0,0
1581,1,3,0,0,2,0,0,2,14,['Yusuke Kishi'],[0],0,0,0
1582,1,3,0,0,2,0,0,2,9,['Shohei Hashimoto'],[0],0,0,0
1583,1,3,0,0,2,0,0,2,14,['Toshiki Mori'],[0],0,0,0
1584,1,3,0,0,2,0,0,2,9,['Hokuto Oyabu'],[0],0,0,0
1585,1,3,0,0,2,0,0,2,14,['Atsushi Sasaki'],[0],0,0,0
1586,1,3,0,0,2,0,0,2,9,['Yosuke Tanaka'],[0],0,0,0
1587,1,3,0,0,2,0,0,2,14,['Seiya Tsuda'],[0],0,0,0
1588,1,3,0,0,2,0,0,2,9,[''],[0],0,0,0
1589,1,3,0,0,2,0,0,6,0,[''],[0],0,0,30
1590,1,3,0,0,2,0,0,1,3,['3D Artist'],[0],0,0,0
1591,1,3,0,0,2,0,0,6,0,[''],[0],0,0,10
1592,1,3,0,0,2,0,0,2,14,['Ryo Katori'],[0],0,0,0
1593,1,3,0,0,2,0,0,2,9,['Shoya Nakahara'],[0],0,0,0
1594,1,3,0,0,2,0,0,2,14,['Takaaki Kawano'],[0],0,0,0
1595,1,3,0,0,2,0,0,2,9,['Hironori Yoshinaga'],[0],0,0,0
1596,1,3,0,0,2,0,0,2,14,['Kyoko Higashihara'],[0],0,0,0
1597,1,3,0,0,2,0,0,2,9,['Yutaka Koizumi'],[0],0,0,0
1598,1,3,0,0,2,0,0,2,14,['Mayumi Nagano'],[0],0,0,0
1599,1,3,0,0,2,0,0,2,9,['Lin Yi Ju'],[0],0,0,0
1600,1,3,0,0,2,0,0,6,0,[''],[0],0,0,30
1601,1,3,0,0,2,0,0,1,3,['2D Pixel Designer'],[0],0,0,0
1602,1,3,0,0,2,0,0,6,0,[''],[0],0,0,10
1603,1,3,0,0,2,0,0,2,14,['Yukio Fukagawa'],[0],0,0,0
1604,1,3,0,0,2,0,0,2,9,['Asami Hayata'],[0],0,0,0
1605,1,3,0,0,2,0,0,2,14,['Kazumi Kawata'],[0],0,0,0
1606,1,3,0,0,2,0,0,2,9,['Sho Sakashita'],[0],0,0,0
1607,1,3,0,0,2,0,0,2,14,['Akifumi Ishizuka'],[0],0,0,0
1608,1,3,0,0,2,0,0,2,9,['Daisuke Kawano'],[0],0,0,0
1609,1,3,0,0,2,0,0,2,14,['Seitetsu Itokazu'],[0],0,0,0
1610,1,3,0,0,2,0,0,2,9,['Shunsuke Kita'],[0],0,0,0
1611,1,3,0,0,2,0,0,2,14,['Lisse Kang'],[0],0,0,0
1612,1,3,0,0,2,0,0,2,9,['Jun Nakamura'],[0],0,0,0
1613,1,3,0,0,2,0,0,2,14,['Kouki Hirotani'],[0],0,0,0
1614,1,3,0,0,2,0,0,2,9,['Hiroyuki Sato'],[0],0,0,0
1615,1,3,0,0,2,0,0,6,0,[''],[0],0,0,30
1616,1,3,0,0,2,0,0,1,3,['Sound Designer'],[0],0,0,0
1617,1,3,0,0,2,0,0,6,0,[''],[0],0,0,10
1618,1,3,0,0,2,0,0,2,14,['Yasumi Aoki'],[0],0,0,0
1619,1,3,0,0,2,0,0,2,9,['Yoshiko Shibao'],[0],0,0,0
1620,1,3,0,0,2,0,0,2,14,['Yu Sasaki'],[0],0,0,0
1621,1,3,0,0,2,0,0,2,9,[''],[0],0,0,0
1622,1,3,0,0,2,0,0,6,0,[''],[0],0,0,30
1623,1,3,0,0,2,0,0,1,3,['Quality Assurance'],[0],0,0,0
1624,1,3,0,0,2,0,0,6,0,[''],[0],0,0,10
1625,1,3,0,0,2,0,0,2,14,['Rei Togawa'],[0],0,0,0
1626,1,3,0,0,2,0,0,2,9,['Suguru Ishikawa'],[0],0,0,0
1627,1,3,0,0,2,0,0,2,14,['Ryota Yamanaka'],[0],0,0,0
1628,1,3,0,0,2,0,0,2,9,['Yukari Ando'],[0],0,0,0
1629,1,3,0,0,2,0,0,6,0,[''],[0],0,0,40
1630,1,3,0,0,2,0,0,1,1,['Server Engineering'],[0],0,0,0
1631,1,3,0,0,2,0,0,6,0,[''],[0],0,0,20
1632,1,3,0,0,2,0,0,1,3,['Luida Inc.'],[0],0,0,0
1633,1,3,0,0,2,0,0,6,0,[''],[0],0,0,30
1634,1,3,0,0,2,0,0,5,0,[''],[8369],0,0,0
1635,1,3,0,0,2,0,0,6,0,[''],[0],0,0,30
1636,1,3,0,0,2,0,0,1,2,['Development'],[0],0,0,0
1637,1,3,0,0,2,0,0,1,1,['ACQUIRE Corp.'],[0],0,0,0
1638,1,3,0,0,2,0,0,5,0,[''],[8368],0,0,0
1639,1,3,0,0,2,0,0,6,0,[''],[0],0,0,20
1640,1,3,0,0,2,0,0,5,0,[''],[8003],0,0,0
1641,1,3,0,0,2,0,0,6,0,[''],[0],0,0,30
1642,1,3,0,0,2,0,0,2,13,['Director'],[0],0,0,0
1643,1,3,0,0,2,0,0,2,9,['Hiroshi Marumoto'],[0],0,0,0
1644,1,3,0,0,2,0,0,6,0,[''],[0],0,0,30
1645,1,3,0,0,2,0,0,2,13,['Lead Artist'],[0],0,0,0
1646,1,3,0,0,2,0,0,2,9,['Yoshiko Takahashi'],[0],0,0,0
1647,1,3,0,0,2,0,0,6,0,[''],[0],0,0,30
1648,1,3,0,0,2,0,0,2,13,['Lead Illustrator'],[0],0,0,0
1649,1,3,0,0,2,0,0,2,9,['UCMM'],[0],0,0,0
1650,1,3,0,0,2,0,0,6,0,[''],[0],0,0,30
1651,1,3,0,0,2,0,0,2,13,['Technical Director'],[0],0,0,0
1652,1,3,0,0,2,0,0,2,9,['Taketsugu Yamamoto'],[0],0,0,0
1653,1,3,0,0,2,0,0,6,0,[''],[0],0,0,30
1654,1,3,0,0,2,0,0,2,13,['Lead Programmers'],[0],0,0,0
1655,1,3,0,0,2,0,0,2,9,['Tadahisa Tanaka'],[0],0,0,0
1656,1,3,0,0,2,0,0,2,9,[''],[0],0,0,0
1657,1,3,0,0,2,0,0,2,9,['Yutaka Watanabe'],[0],0,0,0
1658,1,3,0,0,2,0,0,6,0,[''],[0],0,0,30
1659,1,3,0,0,2,0,0,2,13,['Lead Server Engineer'],[0],0,0,0
1660,1,3,0,0,2,0,0,2,9,['Takaharu Yoshida'],[0],0,0,0
1661,1,3,0,0,2,0,0,6,0,[''],[0],0,0,30
1662,1,3,0,0,2,0,0,1,3,['Programmers'],[0],0,0,0
1663,1,3,0,0,2,0,0,6,0,[''],[0],0,0,10
1664,1,3,0,0,2,0,0,2,14,['Takaaki Matsudate'],[0],0,0,0
1665,1,3,0,0,2,0,0,2,9,['Yosuke Hirata'],[0],0,0,0
1666,1,3,0,0,2,0,0,2,14,['Naoki Matsuo'],[0],0,0,0
1667,1,3,0,0,2,0,0,2,9,['Yasutaka Hayashi'],[0],0,0,0
1668,1,3,0,0,2,0,0,2,15,['(Pegasus Japan Corp.)'],[0],0,0,0
1669,1,3,0,0,2,0,0,2,10,['(Pegasus Japan Corp.)'],[0],0,0,0
1670,1,3,0,0,2,0,0,2,14,['Yasuhiko Usui'],[0],0,0,0
1671,1,3,0,0,2,0,0,2,9,['Yasuyuki Nakayabu'],[0],0,0,0
1672,1,3,0,0,2,0,0,2,14,['Kazuya Yamagishi'],[0],0,0,0
1673,1,3,0,0,2,0,0,2,9,['Takafumi Ogihara'],[0],0,0,0
1674,1,3,0,0,2,0,0,2,14,['Takayuki Harumoto'],[0],0,0,0
1675,1,3,0,0,2,0,0,2,9,['Masahiro Hikino'],[0],0,0,0
1676,1,3,0,0,2,0,0,2,15,"['(extreme Co.,LTD.)']",[0],0,0,0
1677,1,3,0,0,2,0,0,2,10,"['(extreme Co.,LTD.)']",[0],0,0,0
1678,1,3,0,0,2,0,0,2,14,['Noriyuki Katsuta'],[0],0,0,0
1679,1,3,0,0,2,0,0,2,9,['Taichi Inomata'],[0],0,0,0
1680,1,3,0,0,2,0,0,6,0,[''],[0],0,0,30
1681,1,3,0,0,2,0,0,1,3,['Server Engineers'],[0],0,0,0
1682,1,3,0,0,2,0,0,6,0,[''],[0],0,0,10
1683,1,3,0,0,2,0,0,2,14,['Taketsugu Yamamoto'],[0],0,0,0
1684,1,3,0,0,2,0,0,2,9,['Satoshi Hasegawa'],[0],0,0,0
1685,1,3,0,0,2,0,0,2,14,['Katsuya Sato'],[0],0,0,0
1686,1,3,0,0,2,0,0,2,9,['Kazuhiro Hanai'],[0],0,0,0
1687,1,3,0,0,2,0,0,6,0,[''],[0],0,0,30
1688,1,3,0,0,2,0,0,1,3,['3D Map Artists'],[0],0,0,0
1689,1,3,0,0,2,0,0,6,0,[''],[0],0,0,10
1690,1,3,0,0,2,0,0,2,14,['Akiko Iwamatsu'],[0],0,0,0
1691,1,3,0,0,2,0,0,2,9,['Yutaka Koizumi'],[0],0,0,0
1692,1,3,0,0,2,0,0,2,14,[''],[0],0,0,0
1693,1,3,0,0,2,0,0,2,10,"['(extreme Co.,LTD.)']",[0],0,0,0
1694,1,3,0,0,2,0,0,2,14,['Masayo Kobayashi'],[0],0,0,0
1695,1,3,0,0,2,0,0,2,9,['Ruri Yamaguchi'],[0],0,0,0
1696,1,3,0,0,2,0,0,2,15,['(KAYAC AKIBA STUDIO Inc.)'],[0],0,0,0
1697,1,3,0,0,2,0,0,2,9,[''],[0],0,0,0
1698,1,3,0,0,2,0,0,6,0,[''],[0],0,0,30
1699,1,3,0,0,2,0,0,1,3,['Character Artists'],[0],0,0,0
1700,1,3,0,0,2,0,0,6,0,[''],[0],0,0,10
1701,1,3,0,0,2,0,0,2,14,['Tatsuya Ohara'],[0],0,0,0
1702,1,3,0,0,2,0,0,2,9,['Hiroshi Yoshimura'],[0],0,0,0
1703,1,3,0,0,2,0,0,2,14,['Nanami Wakaura'],[0],0,0,0
1704,1,3,0,0,2,0,0,2,9,['Hidehiko Amano'],[0],0,0,0
1705,1,3,0,0,2,0,0,2,14,['Takumi Takahashi'],[0],0,0,0
1706,1,3,0,0,2,0,0,2,9,[''],[0],0,0,0
1707,1,3,0,0,2,0,0,6,0,[''],[0],0,0,30
1708,1,3,0,0,2,0,0,1,3,['Illustrators'],[0],0,0,0
1709,1,3,0,0,2,0,0,6,0,[''],[0],0,0,10
1710,1,3,0,0,2,0,0,2,14,['Shiori Toda'],[0],0,0,0
1711,1,3,0,0,2,0,0,2,9,['Aya Fukuhira'],[0],0,0,0
1712,1,3,0,0,2,0,0,2,14,['Mao Yonezawa'],[0],0,0,0
1713,1,3,0,0,2,0,0,2,9,['Kodai Okamoto'],[0],0,0,0
1714,1,3,0,0,2,0,0,6,0,[''],[0],0,0,30
1715,1,3,0,0,2,0,0,2,13,['Boss Monster Artist'],[0],0,0,0
1716,1,3,0,0,2,0,0,2,9,['UCMM'],[0],0,0,0
1717,1,3,0,0,2,0,0,6,0,[''],[0],0,0,30
1718,1,3,0,0,2,0,0,2,13,['Monster Artist'],[0],0,0,0
1719,1,3,0,0,2,0,0,2,9,['Masayoshi Nishimura'],[0],0,0,0
1720,1,3,0,0,2,0,0,2,9,[''],[0],0,0,0
1721,1,3,0,0,2,0,0,2,10,"['(HECATONCHEIR Co., Ltd.)']",[0],0,0,0
1722,1,3,0,0,2,0,0,6,0,[''],[0],0,0,30
1723,1,3,0,0,2,0,0,1,3,['UI Artists'],[0],0,0,0
1724,1,3,0,0,2,0,0,6,0,[''],[0],0,0,10
1725,1,3,0,0,2,0,0,2,14,['Mami Kusano'],[0],0,0,0
1726,1,3,0,0,2,0,0,2,9,['Rina Mori'],[0],0,0,0
1727,1,3,0,0,2,0,0,2,15,"['(Artrotica, Inc)']",[0],0,0,0
1728,1,3,0,0,2,0,0,2,9,[''],[0],0,0,0
1729,1,3,0,0,2,0,0,2,14,['Natsuki Ota'],[0],0,0,0
1730,1,3,0,0,2,0,0,2,9,['Ayumi Yanai'],[0],0,0,0
1731,1,3,0,0,2,0,0,2,14,['Kiyohiro Tahira'],[0],0,0,0
1732,1,3,0,0,2,0,0,2,9,[''],[0],0,0,0
1733,1,3,0,0,2,0,0,6,0,[''],[0],0,0,30
1734,1,3,0,0,2,0,0,2,13,['Effect Artist'],[0],0,0,0
1735,1,3,0,0,2,0,0,2,9,['PANYA PORNPAT'],[0],0,0,0
1736,1,3,0,0,2,0,0,6,0,[''],[0],0,0,30
1737,1,3,0,0,2,0,0,2,13,['Technical Artists'],[0],0,0,0
1738,1,3,0,0,2,0,0,2,9,['Yumiko Sugiyama'],[0],0,0,0
1739,1,3,0,0,2,0,0,2,9,[''],[0],0,0,0
1740,1,3,0,0,2,0,0,2,9,['Madoka Nakamura'],[0],0,0,0
1741,1,3,0,0,2,0,0,6,0,[''],[0],0,0,30
1742,1,3,0,0,2,0,0,1,3,['Game Designers'],[0],0,0,0
1743,1,3,0,0,2,0,0,6,0,[''],[0],0,0,10
1744,1,3,0,0,2,0,0,2,14,['Keitaro Hanai'],[0],0,0,0
1745,1,3,0,0,2,0,0,2,9,['Yusuke Takakura'],[0],0,0,0
1746,1,3,0,0,2,0,0,2,14,['Junya Fujii'],[0],0,0,0
1747,1,3,0,0,2,0,0,2,9,['Norihisa Kin'],[0],0,0,0
1748,1,3,0,0,2,0,0,2,14,['Hiroshi Ikegami'],[0],0,0,0
1749,1,3,0,0,2,0,0,2,9,[''],[0],0,0,0
1750,1,3,0,0,2,0,0,6,0,[''],[0],0,0,30
1751,1,3,0,0,2,0,0,1,3,['Level Designers'],[0],0,0,0
1752,1,3,0,0,2,0,0,6,0,[''],[0],0,0,10
1753,1,3,0,0,2,0,0,2,14,['Hironobu Susuda'],[0],0,0,0
1754,1,3,0,0,2,0,0,2,9,['Nobuyuki Katakura'],[0],0,0,0
1755,1,3,0,0,2,0,0,2,15,['(Otogi LLC)'],[0],0,0,0
1756,1,3,0,0,2,0,0,2,9,[''],[0],0,0,0
1757,1,3,0,0,2,0,0,6,0,[''],[0],0,0,30
1758,1,3,0,0,2,0,0,1,3,['Traveler Story Designers'],[0],0,0,0
1759,1,3,0,0,2,0,0,6,0,[''],[0],0,0,10
1760,1,3,0,0,2,0,0,2,14,['Tatsuya Ohara'],[0],0,0,0
1761,1,3,0,0,2,0,0,2,9,['Chiharu Tanaka'],[0],0,0,0
1762,1,3,0,0,2,0,0,2,14,['Mizuki Sato'],[0],0,0,0
1763,1,3,0,0,2,0,0,2,9,['Toshihide Hatanaka'],[0],0,0,0
1764,1,3,0,0,2,0,0,2,14,['Kazumasa Maeda'],[0],0,0,0
1765,1,3,0,0,2,0,0,2,9,[''],[0],0,0,0
1766,1,3,0,0,2,0,0,2,15,"['(Lambda Planning Co., Ltd.)']",[0],0,0,0
1767,1,3,0,0,2,0,0,2,9,[''],[0],0,0,0
1768,1,3,0,0,2,0,0,6,0,[''],[0],0,0,30
1769,1,3,0,0,2,0,0,2,13,['Sound Designer'],[0],0,0,0
1770,1,3,0,0,2,0,0,2,9,['Toshiko Tasaki'],[0],0,0,0
1771,1,3,0,0,2,0,0,6,0,[''],[0],0,0,30
1772,1,3,0,0,2,0,0,1,3,['Special Thanks'],[0],0,0,0
1773,1,3,0,0,2,0,0,6,0,[''],[0],0,0,10
1774,1,3,0,0,2,0,0,2,14,['Junichirow Tamura'],[0],0,0,0
1775,1,3,0,0,2,0,0,2,9,['Asami Nogawa'],[0],0,0,0
1776,1,3,0,0,2,0,0,6,0,[''],[0],0,0,20
1777,1,3,0,0,2,0,0,2,14,['Tomohiro Tsuchida'],[0],0,0,0
1778,1,3,0,0,2,0,0,2,9,['Keisuke Miyauchi'],[0],0,0,0
1779,1,3,0,0,2,0,0,2,14,['Mika Iizuka'],[0],0,0,0
1780,1,3,0,0,2,0,0,2,9,['Satomi Ando'],[0],0,0,0
1781,1,3,0,0,2,0,0,6,0,[''],[0],0,0,20
1782,1,3,0,0,2,0,0,2,14,['Haruyuki Ohashi'],[0],0,0,0
1783,1,3,0,0,2,0,0,2,9,['Kohta Takano'],[0],0,0,0
1784,1,3,0,0,2,0,0,2,14,['Dai Ooyama'],[0],0,0,0
1785,1,3,0,0,2,0,0,2,9,['Daiju Negishi'],[0],0,0,0
1786,1,3,0,0,2,0,0,2,14,['Mizuho Ueda'],[0],0,0,0
1787,1,3,0,0,2,0,0,2,9,['Shiori Nishi'],[0],0,0,0
1788,1,3,0,0,2,0,0,2,14,['Ichiryo Utsunomiya'],[0],0,0,0
1789,1,3,0,0,2,0,0,2,9,[''],[0],0,0,0
1790,1,3,0,0,2,0,0,6,0,[''],[0],0,0,20
1791,1,3,0,0,2,0,0,2,14,['Tatsushi Murano'],[0],0,0,0
1792,1,3,0,0,2,0,0,2,9,['Masahiro Kumono'],[0],0,0,0
1793,1,3,0,0,2,0,0,6,0,[''],[0],0,0,20
1794,1,3,0,0,2,0,0,2,14,['Aya Iino'],[0],0,0,0
1795,1,3,0,0,2,0,0,2,9,['Takayuki Itagaki'],[0],0,0,0
1796,1,3,0,0,2,0,0,2,14,['Sayuri Takeuchi'],[0],0,0,0
1797,1,3,0,0,2,0,0,2,9,['Juri Mineta'],[0],0,0,0
1798,1,3,0,0,2,0,0,2,14,['Aiko Tanimoto'],[0],0,0,0
1799,1,3,0,0,2,0,0,2,9,[''],[0],0,0,0
1800,1,3,0,0,2,0,0,6,0,[''],[0],0,0,20
1801,1,3,0,0,2,0,0,2,14,['Katsu Alexander Sakurai'],[0],0,0,0
1802,1,3,0,0,2,0,0,2,9,['Shin Matsunami'],[0],0,0,0
1803,1,3,0,0,2,0,0,2,14,['Isao Kikuchi'],[0],0,0,0
1804,1,3,0,0,2,0,0,2,9,['Yuki Kawaji'],[0],0,0,0
1805,1,3,0,0,2,0,0,2,14,['Tetsuya Tsunakawa'],[0],0,0,0
1806,1,3,0,0,2,0,0,2,9,['Akiko K Tonegawa'],[0],0,0,0
1807,1,3,0,0,2,0,0,2,14,['Toshie Nohara'],[0],0,0,0
1808,1,3,0,0,2,0,0,2,9,['Tomoko Ishii'],[0],0,0,0
1809,1,3,0,0,2,0,0,2,14,['Noriko Shinomiya'],[0],0,0,0
1810,1,3,0,0,2,0,0,2,9,[''],[0],0,0,0
1811,1,3,0,0,2,0,0,6,0,[''],[0],0,0,20
1812,1,3,0,0,2,0,0,2,14,['Soushi Saito'],[0],0,0,0
1813,1,3,0,0,2,0,0,2,9,[''],[0],0,0,0
1814,1,3,0,0,2,0,0,2,15,"['(extreme Co.,LTD.)']",[0],0,0,0
1815,1,3,0,0,2,0,0,2,9,[''],[0],0,0,0
1816,1,3,0,0,2,0,0,6,0,[''],[0],0,0,20
1817,1,3,0,0,2,0,0,1,4,['...and all Acquire staff'],[0],0,0,0
1818,1,3,0,0,2,0,0,6,0,[''],[0],0,0,30
1819,1,3,0,0,2,0,0,2,13,['Project Managers'],[0],0,0,0
1820,1,3,0,0,2,0,0,2,9,['Takashi Iwama'],[0],0,0,0
1821,1,3,0,0,2,0,0,2,9,[''],[0],0,0,0
1822,1,3,0,0,2,0,0,2,9,['Akie Nakao'],[0],0,0,0
1823,1,3,0,0,2,0,0,6,0,[''],[0],0,0,30
1824,1,3,0,0,2,0,0,2,13,['Executive Director'],[0],0,0,0
1825,1,3,0,0,2,0,0,2,9,['Takuma Endo'],[0],0,0,0
1826,1,3,0,0,2,0,0,6,0,[''],[0],0,0,30
1827,1,3,0,0,2,0,0,5,0,[''],[8369],0,0,0
1828,1,3,0,0,2,0,0,6,0,[''],[0],0,0,40
1829,1,3,0,0,2,0,0,1,3,['Font Design by FONTWORKS Inc.'],[0],0,0,0
1830,1,3,0,0,2,0,0,6,0,[''],[0],0,0,40
1831,1,3,0,0,2,0,0,1,3,"['EXTREME Co.,Ltd.']",[0],0,0,0
1832,1,3,0,0,2,0,0,6,0,[''],[0],0,0,40
1833,1,3,0,0,2,0,0,1,3,['Studio Linto Inc.'],[0],0,0,0
1834,1,3,0,0,2,0,0,6,0,[''],[0],0,0,40
1835,1,3,0,0,2,0,0,1,3,"['Epic Games, Inc.']",[0],0,0,0
1836,1,3,0,0,2,0,0,6,0,[''],[0],0,0,10
1837,1,3,0,0,2,0,0,2,14,['Nori Shinoyama'],[0],0,0,0
1838,1,3,0,0,2,0,0,2,9,['Kaz Okada'],[0],0,0,0
1839,1,3,0,0,2,0,0,2,14,['Ken Kuwano'],[0],0,0,0
1840,1,3,0,0,2,0,0,2,9,['Yutaro Sawada'],[0],0,0,0
1841,1,3,0,0,2,0,0,6,0,[''],[0],0,0,60
1842,1,3,0,0,2,0,0,1,1,['Main Story'],[0],0,0,0
1843,1,3,0,0,2,0,0,5,0,[''],[8368],0,0,0
1844,1,3,0,0,2,0,0,6,0,[''],[0],0,0,20
1845,1,3,0,0,2,0,0,1,3,['Scenario'],[0],0,0,0
1846,1,3,0,0,2,0,0,6,0,[''],[0],0,0,10
1847,1,3,0,0,2,0,0,1,4,['Kakunoshin Futsuzawa'],[0],0,0,0
1848,1,3,0,0,2,0,0,1,4,['Masaru Hatano'],[0],0,0,0
1849,1,3,0,0,2,0,0,6,0,[''],[0],0,0,30
1850,1,3,0,0,2,0,0,2,13,['Scenario Direction'],[0],0,0,0
1851,1,3,0,0,2,0,0,2,9,['Hirohito Suzuki'],[0],0,0,0
1852,1,3,0,0,2,0,0,6,0,[''],[0],0,0,30
1853,1,3,0,0,2,0,0,2,13,['Scenario Supervision'],[0],0,0,0
1854,1,3,0,0,2,0,0,2,9,['Takashi Yamada'],[0],0,0,0
1855,1,3,0,0,2,0,0,2,9,[''],[0],0,0,0
1856,1,3,0,0,2,0,0,2,9,['Suguru Yoshihashi'],[0],0,0,0
1857,1,3,0,0,2,0,0,6,0,[''],[0],0,0,30
1858,1,3,0,0,2,0,0,2,13,['Setting Supervision'],[0],0,0,0
1859,1,3,0,0,2,0,0,2,9,['Yura Kubota'],[0],0,0,0
1860,1,3,0,0,2,0,0,2,9,[''],[0],0,0,0
1861,1,3,0,0,2,0,0,2,10,"['(FarEast Amusement Research Co.,Ltd.)']",[0],0,0,0
1862,1,3,0,0,2,0,0,6,0,[''],[0],0,0,30
1863,1,3,0,0,2,0,0,5,0,[''],[8369],0,0,0
1864,1,3,0,0,2,0,0,6,0,[''],[0],0,0,30
1865,1,3,0,0,2,0,0,1,1,['Traveler Story'],[0],0,0,0
1866,1,3,0,0,2,0,0,5,0,[''],[8368],0,0,0
1867,1,3,0,0,2,0,0,6,0,[''],[0],0,0,20
1868,1,3,0,0,2,0,0,1,3,['Scenario'],[0],0,0,0
1869,1,3,0,0,2,0,0,6,0,[''],[0],0,0,10
1870,1,3,0,0,2,0,0,2,14,['Kota Arikawa'],[0],0,0,0
1871,1,3,0,0,2,0,0,2,9,['Kou Shigenobu'],[0],0,0,0
1872,1,3,0,0,2,0,0,2,14,['Tsukasa Seo'],[0],0,0,0
1873,1,3,0,0,2,0,0,2,9,['Kohta Takano'],[0],0,0,0
1874,1,3,0,0,2,0,0,2,14,['Takehito Tanaka'],[0],0,0,0
1875,1,3,0,0,2,0,0,2,9,['Chiharu Tanaka'],[0],0,0,0
1876,1,3,0,0,2,0,0,2,14,['Taketoshi Tando'],[0],0,0,0
1877,1,3,0,0,2,0,0,2,9,['Terry Eito'],[0],0,0,0
1878,1,3,0,0,2,0,0,2,15,"['(FarEast Amusement Research Co.,Ltd.)']",[0],0,0,0
1879,1,3,0,0,2,0,0,2,9,[''],[0],0,0,0
1880,1,3,0,0,2,0,0,2,14,['Shiro Hatano'],[0],0,0,0
1881,1,3,0,0,2,0,0,2,9,['Masaru Hatano'],[0],0,0,0
1882,1,3,0,0,2,0,0,2,14,['Kazuki Hirai'],[0],0,0,0
1883,1,3,0,0,2,0,0,2,9,['Kakunoshin Futsuzawa'],[0],0,0,0
1884,1,3,0,0,2,0,0,2,14,['Suguru Yoshihashi'],[0],0,0,0
1885,1,3,0,0,2,0,0,2,9,[''],[0],0,0,0
1886,1,3,0,0,2,0,0,6,0,[''],[0],0,0,30
1887,1,3,0,0,2,0,0,2,13,['Scenario Direction'],[0],0,0,0
1888,1,3,0,0,2,0,0,2,9,['Yasuhiro Kidera'],[0],0,0,0
1889,1,3,0,0,2,0,0,6,0,[''],[0],0,0,30
1890,1,3,0,0,2,0,0,1,3,['Special Thanks'],[0],0,0,0
1891,1,3,0,0,2,0,0,6,0,[''],[0],0,0,10
1892,1,3,0,0,2,0,0,2,14,['Junichiro Nakajima'],[0],0,0,0
1893,1,3,0,0,2,0,0,2,9,['Takafumi Haji'],[0],0,0,0
1894,1,3,0,0,2,0,0,2,15,"['(FarEast Amusement Research Co.,Ltd.)']",[0],0,0,0
1895,1,3,0,0,2,0,0,2,9,[''],[0],0,0,0
1896,1,3,0,0,2,0,0,6,0,[''],[0],0,0,30
1897,1,3,0,0,2,0,0,1,3,"['Lambda Planning Co., Ltd.']",[0],0,0,0
1898,1,3,0,0,2,0,0,6,0,[''],[0],0,0,30
1899,1,3,0,0,2,0,0,5,0,[''],[8369],0,0,0
1900,1,3,0,0,2,0,0,6,0,[''],[0],0,0,30
1901,1,3,0,0,2,0,0,1,1,['Music'],[0],0,0,0
1902,1,3,0,0,2,0,0,5,0,[''],[8368],0,0,0
1903,1,3,0,0,2,0,0,6,0,[''],[0],0,0,20
1904,1,3,0,0,2,0,0,1,3,['Sound Producer'],[0],0,0,0
1905,1,3,0,0,2,0,0,6,0,[''],[0],0,0,10
1906,1,3,0,0,2,0,0,2,13,['Composer & Arranger'],[0],0,0,0
1907,1,3,0,0,2,0,0,2,9,['Yasunori Nishiki'],[0],0,0,0
1908,1,3,0,0,2,0,0,6,0,[''],[0],0,0,30
1909,1,3,0,0,2,0,0,2,13,['Sound Management'],[0],0,0,0
1910,1,3,0,0,2,0,0,2,9,['Yoshiyuki Suzuki'],[0],0,0,0
1911,1,3,0,0,2,0,0,2,9,[''],[0],0,0,0
1912,1,3,0,0,2,0,0,2,10,['(IMAGINE)'],[0],0,0,0
1913,1,3,0,0,2,0,0,6,0,[''],[0],0,0,30
1914,1,3,0,0,2,0,0,1,3,['String Orchestra'],[0],0,0,0
1915,1,3,0,0,2,0,0,6,0,[''],[0],0,0,10
1916,1,3,0,0,2,0,0,1,3,['Muroya Koichiro Strings'],[0],0,0,0
1917,1,3,0,0,2,0,0,6,0,[''],[0],0,0,30
1918,1,3,0,0,2,0,0,1,3,['Violin'],[0],0,0,0
1919,1,3,0,0,2,0,0,6,0,[''],[0],0,0,10
1920,1,3,0,0,2,0,0,2,14,['Koichiro Muroya'],[0],0,0,0
1921,1,3,0,0,2,0,0,2,9,['Tomomi Tokunaga'],[0],0,0,0
1922,1,3,0,0,2,0,0,2,14,['Shoko Oki'],[0],0,0,0
1923,1,3,0,0,2,0,0,2,9,['Kyoko Ishigame'],[0],0,0,0
1924,1,3,0,0,2,0,0,2,14,['Mariko Aikawa'],[0],0,0,0
1925,1,3,0,0,2,0,0,2,9,['Rina Odera'],[0],0,0,0
1926,1,3,0,0,2,0,0,2,14,['Ayaka Noutomi'],[0],0,0,0
1927,1,3,0,0,2,0,0,2,9,['Ai Okumura'],[0],0,0,0
1928,1,3,0,0,2,0,0,2,14,['Hanako Uesato'],[0],0,0,0
1929,1,3,0,0,2,0,0,2,9,['Sohei Birmann'],[0],0,0,0
1930,1,3,0,0,2,0,0,2,14,['Eai-Sung Shin'],[0],0,0,0
1931,1,3,0,0,2,0,0,2,9,['Machi Okabe'],[0],0,0,0
1932,1,3,0,0,2,0,0,2,14,['Erina Sato'],[0],0,0,0
1933,1,3,0,0,2,0,0,2,9,['Risa Yamamoto'],[0],0,0,0
1934,1,3,0,0,2,0,0,6,0,[''],[0],0,0,30
1935,1,3,0,0,2,0,0,1,3,['Viola'],[0],0,0,0
1936,1,3,0,0,2,0,0,6,0,[''],[0],0,0,10
1937,1,3,0,0,2,0,0,2,14,['Saori Oka'],[0],0,0,0
1938,1,3,0,0,2,0,0,2,9,['Tomoko Shimaoka'],[0],0,0,0
1939,1,3,0,0,2,0,0,2,14,['Naoko Kakutani'],[0],0,0,0
1940,1,3,0,0,2,0,0,2,9,['Mayu Takashima'],[0],0,0,0
1941,1,3,0,0,2,0,0,6,0,[''],[0],0,0,30
1942,1,3,0,0,2,0,0,1,3,['Cello'],[0],0,0,0
1943,1,3,0,0,2,0,0,6,0,[''],[0],0,0,10
1944,1,3,0,0,2,0,0,2,14,['Masami Horisawa'],[0],0,0,0
1945,1,3,0,0,2,0,0,2,9,['Takayoshi Okuizumi'],[0],0,0,0
1946,1,3,0,0,2,0,0,2,14,['Masateru Nishikata'],[0],0,0,0
1947,1,3,0,0,2,0,0,2,9,[''],[0],0,0,0
1948,1,3,0,0,2,0,0,6,0,[''],[0],0,0,30
1949,1,3,0,0,2,0,0,1,3,['Contrabass'],[0],0,0,0
1950,1,3,0,0,2,0,0,6,0,[''],[0],0,0,10
1951,1,3,0,0,2,0,0,2,14,['Shigeki Ippon'],[0],0,0,0
1952,1,3,0,0,2,0,0,2,9,['Yasuyuki Se'],[0],0,0,0
1953,1,3,0,0,2,0,0,6,0,[''],[0],0,0,30
1954,1,3,0,0,2,0,0,1,3,['Violin Solo'],[0],0,0,0
1955,1,3,0,0,2,0,0,6,0,[''],[0],0,0,10
1956,1,3,0,0,2,0,0,1,4,['Atsuki Yoshida'],[0],0,0,0
1957,1,3,0,0,2,0,0,6,0,[''],[0],0,0,30
1958,1,3,0,0,2,0,0,1,3,"['Piccolo, Flute, Tin Whistle,']",[0],0,0,0
1959,1,3,0,0,2,0,0,1,3,"['Irish Flute, Pan Flute, Recorder']",[0],0,0,0
1960,1,3,0,0,2,0,0,6,0,[''],[0],0,0,10
1961,1,3,0,0,2,0,0,1,4,['Kei Sakamoto'],[0],0,0,0
1962,1,3,0,0,2,0,0,6,0,[''],[0],0,0,30
1963,1,3,0,0,2,0,0,1,3,['Oboe'],[0],0,0,0
1964,1,3,0,0,2,0,0,6,0,[''],[0],0,0,10
1965,1,3,0,0,2,0,0,1,4,['Takayuki Mogami'],[0],0,0,0
1966,1,3,0,0,2,0,0,6,0,[''],[0],0,0,30
1967,1,3,0,0,2,0,0,1,3,['Clarinet'],[0],0,0,0
1968,1,3,0,0,2,0,0,6,0,[''],[0],0,0,10
1969,1,3,0,0,2,0,0,1,4,['Hidehito Naka'],[0],0,0,0
1970,1,3,0,0,2,0,0,6,0,[''],[0],0,0,30
1971,1,3,0,0,2,0,0,1,3,['Horn'],[0],0,0,0
1972,1,3,0,0,2,0,0,6,0,[''],[0],0,0,10
1973,1,3,0,0,2,0,0,1,3,['Nobuaki Fukukawa Group'],[0],0,0,0
1974,1,3,0,0,2,0,0,2,14,['Nobuaki Fukukawa'],[0],0,0,0
1975,1,3,0,0,2,0,0,2,9,['Naoki Ishikawa'],[0],0,0,0
1976,1,3,0,0,2,0,0,2,14,['Tsutomu Isohata'],[0],0,0,0
1977,1,3,0,0,2,0,0,2,9,['Junji Takemura'],[0],0,0,0
1978,1,3,0,0,2,0,0,6,0,[''],[0],0,0,30
1979,1,3,0,0,2,0,0,1,3,['Trumpet'],[0],0,0,0
1980,1,3,0,0,2,0,0,6,0,[''],[0],0,0,10
1981,1,3,0,0,2,0,0,1,4,['Tatsuhiko Yoshizawa'],[0],0,0,0
1982,1,3,0,0,2,0,0,6,0,[''],[0],0,0,30
1983,1,3,0,0,2,0,0,1,3,['Saxophone'],[0],0,0,0
1984,1,3,0,0,2,0,0,6,0,[''],[0],0,0,10
1985,1,3,0,0,2,0,0,1,4,['Kei Suzuki'],[0],0,0,0
1986,1,3,0,0,2,0,0,6,0,[''],[0],0,0,30
1987,1,3,0,0,2,0,0,1,3,['Electric Guitar'],[0],0,0,0
1988,1,3,0,0,2,0,0,6,0,[''],[0],0,0,10
1989,1,3,0,0,2,0,0,1,4,['Seku'],[0],0,0,0
1990,1,3,0,0,2,0,0,6,0,[''],[0],0,0,30
1991,1,3,0,0,2,0,0,1,3,['Bass'],[0],0,0,0
1992,1,3,0,0,2,0,0,6,0,[''],[0],0,0,10
1993,1,3,0,0,2,0,0,1,4,['Atsushi Hasegawa'],[0],0,0,0
1994,1,3,0,0,2,0,0,6,0,[''],[0],0,0,30
1995,1,3,0,0,2,0,0,1,3,['Drums'],[0],0,0,0
1996,1,3,0,0,2,0,0,6,0,[''],[0],0,0,10
1997,1,3,0,0,2,0,0,1,4,['Yoshinori Imai'],[0],0,0,0
1998,1,3,0,0,2,0,0,6,0,[''],[0],0,0,30
1999,1,3,0,0,2,0,0,1,3,['Vocal'],[0],0,0,0
2000,1,3,0,0,2,0,0,6,0,[''],[0],0,0,10
2001,1,3,0,0,2,0,0,2,14,['Yucca'],[0],0,0,0
2002,1,3,0,0,2,0,0,2,9,['Kanon'],[0],0,0,0
2003,1,3,0,0,2,0,0,2,14,['Risa Oki'],[0],0,0,0
2004,1,3,0,0,2,0,0,2,9,[''],[0],0,0,0
2005,1,3,0,0,2,0,0,6,0,[''],[0],0,0,30
2006,1,3,0,0,2,0,0,1,3,['Synthesizer Programming'],[0],0,0,0
2007,1,3,0,0,2,0,0,6,0,[''],[0],0,0,10
2008,1,3,0,0,2,0,0,1,4,['Yasunori Nishiki'],[0],0,0,0
2009,1,3,0,0,2,0,0,6,0,[''],[0],0,0,30
2010,1,3,0,0,2,0,0,1,3,['Copyist'],[0],0,0,0
2011,1,3,0,0,2,0,0,6,0,[''],[0],0,0,10
2012,1,3,0,0,2,0,0,1,4,['Takaaki Nakagawa'],[0],0,0,0
2013,1,3,0,0,2,0,0,6,0,[''],[0],0,0,30
2014,1,3,0,0,2,0,0,1,3,['Recording Engineer'],[0],0,0,0
2015,1,3,0,0,2,0,0,6,0,[''],[0],0,0,10
2016,1,3,0,0,2,0,0,1,4,['Hiroyuki Akita'],[0],0,0,0
2017,1,3,0,0,2,0,0,6,0,[''],[0],0,0,30
2018,1,3,0,0,2,0,0,1,3,['Assistant Engineer'],[0],0,0,0
2019,1,3,0,0,2,0,0,6,0,[''],[0],0,0,10
2020,1,3,0,0,2,0,0,1,4,['Yota Ishizuka'],[0],0,0,0
2021,1,3,0,0,2,0,0,6,0,[''],[0],0,0,30
2022,1,3,0,0,2,0,0,1,3,['Musician Coordinator'],[0],0,0,0
2023,1,3,0,0,2,0,0,6,0,[''],[0],0,0,10
2024,1,3,0,0,2,0,0,1,4,['Yuichi Uchida'],[0],0,0,0
2025,1,3,0,0,2,0,0,1,5,['(UCHIDA ONGAKU JIMUSHO)'],[0],0,0,0
2026,1,3,0,0,2,0,0,6,0,[''],[0],0,0,40
2027,1,3,0,0,2,0,0,1,2,['Voice Recording'],[0],0,0,0
2028,1,3,0,0,2,0,0,6,0,[''],[0],0,0,20
2029,1,3,0,0,2,0,0,2,13,['Voice Direction'],[0],0,0,0
2030,1,3,0,0,2,0,0,2,9,['Fumiyuki Goh'],[0],0,0,0
2031,1,3,0,0,2,0,0,2,9,[''],[0],0,0,0
2032,1,3,0,0,2,0,0,2,9,['Nozomi Nakatani'],[0],0,0,0
2033,1,3,0,0,2,0,0,6,0,[''],[0],0,0,30
2034,1,3,0,0,2,0,0,2,13,['Recording Engineer'],[0],0,0,0
2035,1,3,0,0,2,0,0,2,9,['Hidekazu Fujishiro'],[0],0,0,0
2036,1,3,0,0,2,0,0,6,0,[''],[0],0,0,30
2037,1,3,0,0,2,0,0,1,3,['Sound Production'],[0],0,0,0
2038,1,3,0,0,2,0,0,6,0,[''],[0],0,0,10
2039,1,3,0,0,2,0,0,1,3,['Bit grooove promotion Inc.'],[0],0,0,0
2040,1,3,0,0,2,0,0,6,0,[''],[0],0,0,30
2041,1,3,0,0,2,0,0,5,0,[''],[8369],0,0,0
2042,1,3,0,0,2,0,0,6,0,[''],[0],0,0,30
2043,1,3,0,0,2,0,0,1,1,['Artwork'],[0],0,0,0
2044,1,3,0,0,2,0,0,5,0,[''],[8368],0,0,0
2045,1,3,0,0,2,0,0,6,0,[''],[0],0,0,20
2046,1,3,0,0,2,0,0,1,3,['Graphict9 Inc.'],[0],0,0,0
2047,1,3,0,0,2,0,0,6,0,[''],[0],0,0,30
2048,1,3,0,0,2,0,0,1,3,['MUGENUP Inc.'],[0],0,0,0
2049,1,3,0,0,2,0,0,6,0,[''],[0],0,0,20
2050,1,3,0,0,2,0,0,5,0,[''],[8369],0,0,0
2051,1,3,0,0,2,0,0,6,0,[''],[0],0,0,30
2052,1,3,0,0,2,0,0,1,1,['English Translation & Localization'],[0],0,0,0
2053,1,3,0,0,2,0,0,5,0,[''],[8368],0,0,0
2054,1,3,0,0,2,0,0,6,0,[''],[0],0,0,20
2055,1,3,0,0,2,0,0,1,3,['Olive Jirushi'],[0],0,0,0
2056,1,3,0,0,2,0,0,6,0,[''],[0],0,0,20
2057,1,3,0,0,2,0,0,2,13,['Localization Editor'],[0],0,0,0
2058,1,3,0,0,2,0,0,2,9,['Tim Law'],[0],0,0,0
2059,1,3,0,0,2,0,0,6,0,[''],[0],0,0,30
2060,1,3,0,0,2,0,0,2,13,['Localization Project Manager'],[0],0,0,0
2061,1,3,0,0,2,0,0,2,9,['Reinnie May Yunarsa'],[0],0,0,0
2062,1,3,0,0,2,0,0,6,0,[''],[0],0,0,30
2063,1,3,0,0,2,0,0,2,13,['Lead Translator'],[0],0,0,0
2064,1,3,0,0,2,0,0,2,9,['Kaya Halemano'],[0],0,0,0
2065,1,3,0,0,2,0,0,6,0,[''],[0],0,0,30
2066,1,3,0,0,2,0,0,1,3,['Translators'],[0],0,0,0
2067,1,3,0,0,2,0,0,6,0,[''],[0],0,0,10
2068,1,3,0,0,2,0,0,2,14,['Elizabeth Bushouse'],[0],0,0,0
2069,1,3,0,0,2,0,0,2,9,['Stephen Meyerink'],[0],0,0,0
2070,1,3,0,0,2,0,0,2,14,['Matt Treyvaud'],[0],0,0,0
2071,1,3,0,0,2,0,0,2,9,['Gavin Greene'],[0],0,0,0
2072,1,3,0,0,2,0,0,2,14,['Joshua Duran-Carlson'],[0],0,0,0
2073,1,3,0,0,2,0,0,2,9,[''],[0],0,0,0
2074,1,3,0,0,2,0,0,6,0,[''],[0],0,0,30
2075,1,3,0,0,2,0,0,2,13,['English Editor'],[0],0,0,0
2076,1,3,0,0,2,0,0,2,9,['Niki Halemano'],[0],0,0,0
2077,1,3,0,0,2,0,0,6,0,[''],[0],0,0,30
2078,1,3,0,0,2,0,0,1,3,"['yumeyomi, inc.']",[0],0,0,0
2079,1,3,0,0,2,0,0,6,0,[''],[0],0,0,10
2080,1,3,0,0,2,0,0,1,4,['John Townsend'],[0],0,0,0
2081,1,3,0,0,2,0,0,6,0,[''],[0],0,0,30
2082,1,3,0,0,2,0,0,5,0,[''],[8369],0,0,0
2083,1,3,0,0,2,0,0,6,0,[''],[0],0,0,30
2084,1,3,0,0,2,0,0,1,1,['Quality Assurance'],[0],0,0,0
2085,1,3,0,0,2,0,0,5,0,[''],[8368],0,0,0
2086,1,3,0,0,2,0,0,6,0,[''],[0],0,0,20
2087,1,3,0,0,2,0,0,2,13,['Coordinators'],[0],0,0,0
2088,1,3,0,0,2,0,0,2,9,['Haruka Toi'],[0],0,0,0
2089,1,3,0,0,2,0,0,2,9,[''],[0],0,0,0
2090,1,3,0,0,2,0,0,2,9,['Suguru Ishikawa'],[0],0,0,0
2091,1,3,0,0,2,0,0,6,0,[''],[0],0,0,30
2092,1,3,0,0,2,0,0,2,13,['Technical Engineers'],[0],0,0,0
2093,1,3,0,0,2,0,0,2,9,['Toyokazu Takehara'],[0],0,0,0
2094,1,3,0,0,2,0,0,2,9,[''],[0],0,0,0
2095,1,3,0,0,2,0,0,2,9,['Keigo Kouno'],[0],0,0,0
2096,1,3,0,0,2,0,0,2,9,[''],[0],0,0,0
2097,1,3,0,0,2,0,0,2,9,['Kazuya Okada'],[0],0,0,0
2098,1,3,0,0,2,0,0,6,0,[''],[0],0,0,30
2099,1,3,0,0,2,0,0,2,13,['Guidelines Coordinators'],[0],0,0,0
2100,1,3,0,0,2,0,0,2,9,['Tetsuya Takahashi'],[0],0,0,0
2101,1,3,0,0,2,0,0,2,9,[''],[0],0,0,0
2102,1,3,0,0,2,0,0,2,9,['Jun Sato'],[0],0,0,0
2103,1,3,0,0,2,0,0,6,0,[''],[0],0,0,30
2104,1,3,0,0,2,0,0,2,13,['Chief Coordinator'],[0],0,0,0
2105,1,3,0,0,2,0,0,2,9,['Maki Nakajima'],[0],0,0,0
2106,1,3,0,0,2,0,0,6,0,[''],[0],0,0,30
2107,1,3,0,0,2,0,0,2,13,['Ratings Advisors'],[0],0,0,0
2108,1,3,0,0,2,0,0,2,9,['Mari Tanabe'],[0],0,0,0
2109,1,3,0,0,2,0,0,2,9,[''],[0],0,0,0
2110,1,3,0,0,2,0,0,2,9,['Reiko Kondo'],[0],0,0,0
2111,1,3,0,0,2,0,0,6,0,[''],[0],0,0,30
2112,1,3,0,0,2,0,0,2,13,['Manager'],[0],0,0,0
2113,1,3,0,0,2,0,0,2,9,['Atsushi Takeuchi'],[0],0,0,0
2114,1,3,0,0,2,0,0,6,0,[''],[0],0,0,30
2115,1,3,0,0,2,0,0,5,0,[''],[8369],0,0,0
2116,1,3,0,0,2,0,0,6,0,[''],[0],0,0,30
2117,1,3,0,0,2,0,0,1,1,"['DIGITAL HEARTS Co., Ltd.']",[0],0,0,0
2118,1,3,0,0,2,0,0,5,0,[''],[8368],0,0,0
2119,1,3,0,0,2,0,0,6,0,[''],[0],0,0,20
2120,1,3,0,0,2,0,0,2,14,['Junki Shioya'],[0],0,0,0
2121,1,3,0,0,2,0,0,2,9,['Yusuke Fujisawa'],[0],0,0,0
2122,1,3,0,0,2,0,0,2,14,['Miku Nakajima'],[0],0,0,0
2123,1,3,0,0,2,0,0,2,9,['Miho Kushibiki'],[0],0,0,0
2124,1,3,0,0,2,0,0,2,14,['Moe Ishigoka'],[0],0,0,0
2125,1,3,0,0,2,0,0,2,9,['Ayumi Miki'],[0],0,0,0
2126,1,3,0,0,2,0,0,2,14,['Naoto Nishimura'],[0],0,0,0
2127,1,3,0,0,2,0,0,2,9,[''],[0],0,0,0
2128,1,3,0,0,2,0,0,6,0,[''],[0],0,0,20
2129,1,3,0,0,2,0,0,1,4,['...and the entire DIGITAL HEARTS staff'],[0],0,0,0
2130,1,3,0,0,2,0,0,6,0,[''],[0],0,0,30
2131,1,3,0,0,2,0,0,5,0,[''],[8369],0,0,0
2132,1,3,0,0,2,0,0,6,0,[''],[0],0,0,30
2133,1,3,0,0,2,0,0,1,1,['Game Balance Testing'],[0],0,0,0
2134,1,3,0,0,2,0,0,5,0,[''],[8368],0,0,0
2135,1,3,0,0,2,0,0,6,0,[''],[0],0,0,20
2136,1,3,0,0,2,0,0,1,3,"['Pole To Win, Inc. (SARUGAKUCHO)']",[0],0,0,0
2137,1,3,0,0,2,0,0,6,0,[''],[0],0,0,30
2138,1,3,0,0,2,0,0,5,0,[''],[8369],0,0,0
2139,1,3,0,0,2,0,0,6,0,[''],[0],0,0,30
2140,1,3,0,0,2,0,0,1,1,['Linguistic QA'],[0],0,0,0
2141,1,3,0,0,2,0,0,5,0,[''],[8368],0,0,0
2142,1,3,0,0,2,0,0,6,0,[''],[0],0,0,20
2143,1,3,0,0,2,0,0,1,3,['Keywords Studios'],[0],0,0,0
2144,1,3,0,0,2,0,0,6,0,[''],[0],0,0,20
2145,1,3,0,0,2,0,0,2,13,['Project Manager'],[0],0,0,0
2146,1,3,0,0,2,0,0,2,9,['Tatsuji Michihiro'],[0],0,0,0
2147,1,3,0,0,2,0,0,6,0,[''],[0],0,0,30
2148,1,3,0,0,2,0,0,2,13,['LQA Test Lead'],[0],0,0,0
2149,1,3,0,0,2,0,0,2,9,['Hiroyuki Kaneko'],[0],0,0,0
2150,1,3,0,0,2,0,0,6,0,[''],[0],0,0,30
2151,1,3,0,0,2,0,0,1,3,['LQA Testers'],[0],0,0,0
2152,1,3,0,0,2,0,0,6,0,[''],[0],0,0,10
2153,1,3,0,0,2,0,0,2,14,['Rina Segawa'],[0],0,0,0
2154,1,3,0,0,2,0,0,2,9,['Gloria M. Rodriguez'],[0],0,0,0
2155,1,3,0,0,2,0,0,2,14,['Craig Odger'],[0],0,0,0
2156,1,3,0,0,2,0,0,2,9,['Daniel Rogerman'],[0],0,0,0
2157,1,3,0,0,2,0,0,2,14,['Ryan Scott'],[0],0,0,0
2158,1,3,0,0,2,0,0,2,9,['Gerald Wanjohi Mwangi'],[0],0,0,0
2159,1,3,0,0,2,0,0,6,0,[''],[0],0,0,30
2160,1,3,0,0,2,0,0,5,0,[''],[8369],0,0,0
2161,1,3,0,0,2,0,0,6,0,[''],[0],0,0,30
2162,1,3,0,0,2,0,0,1,1,"['SQUARE ENIX, Inc.']",[0],0,0,0
2163,1,3,0,0,2,0,0,5,0,[''],[8368],0,0,0
2164,1,3,0,0,2,0,0,6,0,[''],[0],0,0,20
2165,1,3,0,0,2,0,0,1,2,['Mobile'],[0],0,0,0
2166,1,3,0,0,2,0,0,6,0,[''],[0],0,0,20
2167,1,3,0,0,2,0,0,2,13,['Director'],[0],0,0,0
2168,1,3,0,0,2,0,0,2,9,['Henry Lee'],[0],0,0,0
2169,1,3,0,0,2,0,0,6,0,[''],[0],0,0,30
2170,1,3,0,0,2,0,0,2,13,['Senior Manager'],[0],0,0,0
2171,1,3,0,0,2,0,0,2,9,['Tsubasa Lindsay'],[0],0,0,0
2172,1,3,0,0,2,0,0,2,9,[''],[0],0,0,0
2173,1,3,0,0,2,0,0,2,9,['Anna Chher'],[0],0,0,0
2174,1,3,0,0,2,0,0,6,0,[''],[0],0,0,30
2175,1,3,0,0,2,0,0,2,13,['Senior User Acquisition Manager'],[0],0,0,0
2176,1,3,0,0,2,0,0,2,9,['Anila Godhania'],[0],0,0,0
2177,1,3,0,0,2,0,0,6,0,[''],[0],0,0,30
2178,1,3,0,0,2,0,0,2,13,['Associate Manager'],[0],0,0,0
2179,1,3,0,0,2,0,0,2,9,['Alexandra Luse'],[0],0,0,0
2180,1,3,0,0,2,0,0,6,0,[''],[0],0,0,30
2181,1,3,0,0,2,0,0,2,13,['Digital Artist'],[0],0,0,0
2182,1,3,0,0,2,0,0,2,9,['Seijin Ishida'],[0],0,0,0
2183,1,3,0,0,2,0,0,6,0,[''],[0],0,0,30
2184,1,3,0,0,2,0,0,2,13,['Marketing Coordinator'],[0],0,0,0
2185,1,3,0,0,2,0,0,2,9,['Hugh Yamaki'],[0],0,0,0
2186,1,3,0,0,2,0,0,6,0,[''],[0],0,0,40
2187,1,3,0,0,2,0,0,1,2,['PR'],[0],0,0,0
2188,1,3,0,0,2,0,0,6,0,[''],[0],0,0,20
2189,1,3,0,0,2,0,0,2,13,['Senior Manager'],[0],0,0,0
2190,1,3,0,0,2,0,0,2,9,['Emily Shoji'],[0],0,0,0
2191,1,3,0,0,2,0,0,6,0,[''],[0],0,0,30
2192,1,3,0,0,2,0,0,2,13,['PR Coordinator'],[0],0,0,0
2193,1,3,0,0,2,0,0,2,9,['Dominique Richardson'],[0],0,0,0
2194,1,3,0,0,2,0,0,6,0,[''],[0],0,0,40
2195,1,3,0,0,2,0,0,1,2,['C&S'],[0],0,0,0
2196,1,3,0,0,2,0,0,6,0,[''],[0],0,0,20
2197,1,3,0,0,2,0,0,2,13,['Assistant Director'],[0],0,0,0
2198,1,3,0,0,2,0,0,2,9,['Steve Nguyen'],[0],0,0,0
2199,1,3,0,0,2,0,0,6,0,[''],[0],0,0,30
2200,1,3,0,0,2,0,0,2,13,['Senior Manager'],[0],0,0,0
2201,1,3,0,0,2,0,0,2,9,['Kumiko Yamaguchi'],[0],0,0,0
2202,1,3,0,0,2,0,0,6,0,[''],[0],0,0,30
2203,1,3,0,0,2,0,0,5,0,[''],[8369],0,0,0
2204,1,3,0,0,2,0,0,6,0,[''],[0],0,0,30
2205,1,3,0,0,2,0,0,1,1,['SQUARE ENIX LTD.(EUROPE)'],[0],0,0,0
2206,1,3,0,0,2,0,0,5,0,[''],[8368],0,0,0
2207,1,3,0,0,2,0,0,6,0,[''],[0],0,0,20
2208,1,3,0,0,2,0,0,1,2,['Analytics & Insight'],[0],0,0,0
2209,1,3,0,0,2,0,0,6,0,[''],[0],0,0,20
2210,1,3,0,0,2,0,0,2,13,['Director of Analytics and Insight'],[0],0,0,0
2211,1,3,0,0,2,0,0,2,9,['Tim Ward'],[0],0,0,0
2212,1,3,0,0,2,0,0,6,0,[''],[0],0,0,30
2213,1,3,0,0,2,0,0,2,13,['Director of Business Intelligence'],[0],0,0,0
2214,1,3,0,0,2,0,0,2,9,['Mark Hall'],[0],0,0,0
2215,1,3,0,0,2,0,0,6,0,[''],[0],0,0,30
2216,1,3,0,0,2,0,0,2,13,['Digital Analyst'],[0],0,0,0
2217,1,3,0,0,2,0,0,2,9,['Kat Welsford'],[0],0,0,0
2218,1,3,0,0,2,0,0,2,9,[''],[0],0,0,0
2219,1,3,0,0,2,0,0,2,9,['Lucy Sloper'],[0],0,0,0
2220,1,3,0,0,2,0,0,6,0,[''],[0],0,0,30
2221,1,3,0,0,2,0,0,2,13,['Senior Manager - Data Science'],[0],0,0,0
2222,1,3,0,0,2,0,0,2,9,['Tatsuo Yoshida'],[0],0,0,0
2223,1,3,0,0,2,0,0,6,0,[''],[0],0,0,30
2224,1,3,0,0,2,0,0,2,13,['Senior Manager - Business Intelligence'],[0],0,0,0
2225,1,3,0,0,2,0,0,2,9,['Michele Martani'],[0],0,0,0
2226,1,3,0,0,2,0,0,6,0,[''],[0],0,0,30
2227,1,3,0,0,2,0,0,2,13,['Technical Solutions Manager'],[0],0,0,0
2228,1,3,0,0,2,0,0,2,9,['Felix Colella'],[0],0,0,0
2229,1,3,0,0,2,0,0,6,0,[''],[0],0,0,30
2230,1,3,0,0,2,0,0,2,13,['Project Coordination Manager'],[0],0,0,0
2231,1,3,0,0,2,0,0,2,9,['Becca Fifield Green'],[0],0,0,0
2232,1,3,0,0,2,0,0,6,0,[''],[0],0,0,30
2233,1,3,0,0,2,0,0,1,3,['Data Analyst'],[0],0,0,0
2234,1,3,0,0,2,0,0,6,0,[''],[0],0,0,10
2235,1,3,0,0,2,0,0,2,14,['Alice Jin'],[0],0,0,0
2236,1,3,0,0,2,0,0,2,9,['John Calder'],[0],0,0,0
2237,1,3,0,0,2,0,0,2,14,['Jamie Hornsey'],[0],0,0,0
2238,1,3,0,0,2,0,0,2,9,['Sergi Artigas'],[0],0,0,0
2239,1,3,0,0,2,0,0,6,0,[''],[0],0,0,30
2240,1,3,0,0,2,0,0,2,13,['Junior Data Scientist'],[0],0,0,0
2241,1,3,0,0,2,0,0,2,9,['Alfie Grace'],[0],0,0,0
2242,1,3,0,0,2,0,0,2,9,[''],[0],0,0,0
2243,1,3,0,0,2,0,0,2,9,['Irina Capsuna'],[0],0,0,0
2244,1,3,0,0,2,0,0,6,0,[''],[0],0,0,30
2245,1,3,0,0,2,0,0,2,13,['Junior Data Analyst'],[0],0,0,0
2246,1,3,0,0,2,0,0,2,9,['Michael Perry'],[0],0,0,0
2247,1,3,0,0,2,0,0,6,0,[''],[0],0,0,30
2248,1,3,0,0,2,0,0,2,13,['Data Analyst Intern'],[0],0,0,0
2249,1,3,0,0,2,0,0,2,9,['Ben Thompson'],[0],0,0,0
2250,1,3,0,0,2,0,0,2,9,[''],[0],0,0,0
2251,1,3,0,0,2,0,0,2,9,['Vinay Longia'],[0],0,0,0
2252,1,3,0,0,2,0,0,6,0,[''],[0],0,0,40
2253,1,3,0,0,2,0,0,1,2,['Data Engineering'],[0],0,0,0
2254,1,3,0,0,2,0,0,6,0,[''],[0],0,0,20
2255,1,3,0,0,2,0,0,2,13,['Data Engineering Manager'],[0],0,0,0
2256,1,3,0,0,2,0,0,2,9,['Jon House'],[0],0,0,0
2257,1,3,0,0,2,0,0,6,0,[''],[0],0,0,30
2258,1,3,0,0,2,0,0,2,13,['Senior Data Engineer'],[0],0,0,0
2259,1,3,0,0,2,0,0,2,9,['Oliver Bishop'],[0],0,0,0
2260,1,3,0,0,2,0,0,2,9,[''],[0],0,0,0
2261,1,3,0,0,2,0,0,2,9,['Joe Cullen'],[0],0,0,0
2262,1,3,0,0,2,0,0,6,0,[''],[0],0,0,30
2263,1,3,0,0,2,0,0,2,13,['Data Engineer'],[0],0,0,0
2264,1,3,0,0,2,0,0,2,9,['Ashwin Patil'],[0],0,0,0
2265,1,3,0,0,2,0,0,6,0,[''],[0],0,0,40
2266,1,3,0,0,2,0,0,1,2,['Privacy Team'],[0],0,0,0
2267,1,3,0,0,2,0,0,6,0,[''],[0],0,0,20
2268,1,3,0,0,2,0,0,2,13,['Data Protection Officer'],[0],0,0,0
2269,1,3,0,0,2,0,0,2,9,['Richard Levy'],[0],0,0,0
2270,1,3,0,0,2,0,0,6,0,[''],[0],0,0,30
2271,1,3,0,0,2,0,0,2,13,['Data Protection Manager'],[0],0,0,0
2272,1,3,0,0,2,0,0,2,9,['Reinaldo Santodomingo'],[0],0,0,0
2273,1,3,0,0,2,0,0,6,0,[''],[0],0,0,30
2274,1,3,0,0,2,0,0,2,13,['Data Protection Executive'],[0],0,0,0
2275,1,3,0,0,2,0,0,2,9,['Satoko Adachi'],[0],0,0,0
2276,1,3,0,0,2,0,0,6,0,[''],[0],0,0,30
2277,1,3,0,0,2,0,0,2,13,['Privacy Risk Manager'],[0],0,0,0
2278,1,3,0,0,2,0,0,2,9,['Emma Stewart'],[0],0,0,0
2279,1,3,0,0,2,0,0,6,0,[''],[0],0,0,30
2280,1,3,0,0,2,0,0,2,13,['Privacy Risk Administrator'],[0],0,0,0
2281,1,3,0,0,2,0,0,2,9,['Tomas Piedrabuena'],[0],0,0,0
2282,1,3,0,0,2,0,0,6,0,[''],[0],0,0,30
2283,1,3,0,0,2,0,0,5,0,[''],[8369],0,0,0
2284,1,3,0,0,2,0,0,6,0,[''],[0],0,0,30
2285,1,3,0,0,2,0,0,1,1,['Technical Support'],[0],0,0,0
2286,1,3,0,0,2,0,0,5,0,[''],[8368],0,0,0
2287,1,3,0,0,2,0,0,6,0,[''],[0],0,0,20
2288,1,3,0,0,2,0,0,1,2,['Localization Division'],[0],0,0,0
2289,1,3,0,0,2,0,0,6,0,[''],[0],0,0,20
2290,1,3,0,0,2,0,0,2,13,['Localization Technical Director'],[0],0,0,0
2291,1,3,0,0,2,0,0,2,9,['Kenkyu Hata'],[0],0,0,0
2292,1,3,0,0,2,0,0,6,0,[''],[0],0,0,30
2293,1,3,0,0,2,0,0,2,13,['Localization Engineers'],[0],0,0,0
2294,1,3,0,0,2,0,0,2,9,['Kazuki Kobayashi'],[0],0,0,0
2295,1,3,0,0,2,0,0,2,9,[''],[0],0,0,0
2296,1,3,0,0,2,0,0,2,9,['Mahiro Komura'],[0],0,0,0
2297,1,3,0,0,2,0,0,2,9,[''],[0],0,0,0
2298,1,3,0,0,2,0,0,2,9,['Sho Tomita'],[0],0,0,0
2299,1,3,0,0,2,0,0,6,0,[''],[0],0,0,30
2300,1,3,0,0,2,0,0,2,13,['Special Thanks'],[0],0,0,0
2301,1,3,0,0,2,0,0,2,9,['Shingo Hosokawa'],[0],0,0,0
2302,1,3,0,0,2,0,0,2,9,[''],[0],0,0,0
2303,1,3,0,0,2,0,0,2,9,['Satoshi Toyoda'],[0],0,0,0
2304,1,3,0,0,2,0,0,6,0,[''],[0],0,0,30
2305,1,3,0,0,2,0,0,5,0,[''],[8369],0,0,0
2306,1,3,0,0,2,0,0,6,0,[''],[0],0,0,30
2307,1,3,0,0,2,0,0,1,1,['Information Technology Division'],[0],0,0,0
2308,1,3,0,0,2,0,0,5,0,[''],[8368],0,0,0
2309,1,3,0,0,2,0,0,6,0,[''],[0],0,0,20
2310,1,3,0,0,2,0,0,2,13,['Exective Officer'],[0],0,0,0
2311,1,3,0,0,2,0,0,2,9,['Hideaki Sato'],[0],0,0,0
2312,1,3,0,0,2,0,0,6,0,[''],[0],0,0,30
2313,1,3,0,0,2,0,0,2,13,['Senior Managers'],[0],0,0,0
2314,1,3,0,0,2,0,0,2,9,['Masashi Hamahira'],[0],0,0,0
2315,1,3,0,0,2,0,0,6,0,[''],[0],0,0,30
2316,1,3,0,0,2,0,0,2,13,['Engineers'],[0],0,0,0
2317,1,3,0,0,2,0,0,2,9,['Toru Akiyama'],[0],0,0,0
2318,1,3,0,0,2,0,0,2,9,[''],[0],0,0,0
2319,1,3,0,0,2,0,0,2,9,['Hajime Ito'],[0],0,0,0
2320,1,3,0,0,2,0,0,2,9,[''],[0],0,0,0
2321,1,3,0,0,2,0,0,2,9,['Kazune Suzuki'],[0],0,0,0
2322,1,3,0,0,2,0,0,6,0,[''],[0],0,0,30
2323,1,3,0,0,2,0,0,1,1,"['BayCurrent Consulting, Inc.']",[0],0,0,0
2324,1,3,0,0,2,0,0,6,0,[''],[0],0,0,20
2325,1,3,0,0,2,0,0,2,13,['Engineer'],[0],0,0,0
2326,1,3,0,0,2,0,0,2,9,['Takatsugu Yanaka'],[0],0,0,0
2327,1,3,0,0,2,0,0,6,0,[''],[0],0,0,30
2328,1,3,0,0,2,0,0,5,0,[''],[8369],0,0,0
2329,1,3,0,0,2,0,0,6,0,[''],[0],0,0,30
2330,1,3,0,0,2,0,0,1,1,['Community & Service Division'],[0],0,0,0
2331,1,3,0,0,2,0,0,5,0,[''],[8368],0,0,0
2332,1,3,0,0,2,0,0,6,0,[''],[0],0,0,20
2333,1,3,0,0,2,0,0,2,13,['General Manager'],[0],0,0,0
2334,1,3,0,0,2,0,0,2,9,['Toshio Murouchi'],[0],0,0,0
2335,1,3,0,0,2,0,0,6,0,[''],[0],0,0,30
2336,1,3,0,0,2,0,0,2,13,['Customer Support Manager'],[0],0,0,0
2337,1,3,0,0,2,0,0,2,9,['Tatsuhiko Nozaki'],[0],0,0,0
2338,1,3,0,0,2,0,0,6,0,[''],[0],0,0,30
2339,1,3,0,0,2,0,0,2,13,['Operation Support Leader'],[0],0,0,0
2340,1,3,0,0,2,0,0,2,9,['Naoto Tada'],[0],0,0,0
2341,1,3,0,0,2,0,0,6,0,[''],[0],0,0,30
2342,1,3,0,0,2,0,0,2,13,['Operation Support'],[0],0,0,0
2343,1,3,0,0,2,0,0,2,9,['Toshikazu Shigyo'],[0],0,0,0
2344,1,3,0,0,2,0,0,6,0,[''],[0],0,0,30
2345,1,3,0,0,2,0,0,2,13,['Network Operation Center Manager'],[0],0,0,0
2346,1,3,0,0,2,0,0,2,9,['Isao Kajiwara'],[0],0,0,0
2347,1,3,0,0,2,0,0,6,0,[''],[0],0,0,30
2348,1,3,0,0,2,0,0,2,13,['Network Operation Center'],[0],0,0,0
2349,1,3,0,0,2,0,0,2,9,['Kaori Akiho'],[0],0,0,0
2350,1,3,0,0,2,0,0,2,9,[''],[0],0,0,0
2351,1,3,0,0,2,0,0,2,9,['Mie Oosaki'],[0],0,0,0
2352,1,3,0,0,2,0,0,6,0,[''],[0],0,0,20
2353,1,3,0,0,2,0,0,1,4,['…and All Support Staff'],[0],0,0,0
2354,1,3,0,0,2,0,0,6,0,[''],[0],0,0,30
2355,1,3,0,0,2,0,0,5,0,[''],[8369],0,0,0
2356,1,3,0,0,2,0,0,6,0,[''],[0],0,0,30
2357,1,3,0,0,2,0,0,1,1,['Special Thanks'],[0],0,0,0
2358,1,3,0,0,2,0,0,5,0,[''],[8368],0,0,0
2359,1,3,0,0,2,0,0,6,0,[''],[0],0,0,20
2360,1,3,0,0,2,0,0,1,4,['Nanarie'],[0],0,0,0
2361,1,3,0,0,2,0,0,6,0,[''],[0],0,0,40
2362,1,3,0,0,2,0,0,1,2,['Marketing Division'],[0],0,0,0
2363,1,3,0,0,2,0,0,6,0,[''],[0],0,0,20
2364,1,3,0,0,2,0,0,2,14,['Ryutaro Sasaki'],[0],0,0,0
2365,1,3,0,0,2,0,0,2,9,['Ryuichi Yagisawa'],[0],0,0,0
2366,1,3,0,0,2,0,0,2,14,['Ryuji Kiyoshima'],[0],0,0,0
2367,1,3,0,0,2,0,0,2,9,['Kentaro Hamaoka'],[0],0,0,0
2368,1,3,0,0,2,0,0,6,0,[''],[0],0,0,40
2369,1,3,0,0,2,0,0,1,2,['Publication Business Unit'],[0],0,0,0
2370,1,3,0,0,2,0,0,6,0,[''],[0],0,0,20
2371,1,3,0,0,2,0,0,2,14,['Kazuhiro Oya'],[0],0,0,0
2372,1,3,0,0,2,0,0,2,9,['Masami Satoh'],[0],0,0,0
2373,1,3,0,0,2,0,0,6,0,[''],[0],0,0,40
2374,1,3,0,0,2,0,0,1,2,['Media & Arts Business Division'],[0],0,0,0
2375,1,3,0,0,2,0,0,6,0,[''],[0],0,0,20
2376,1,3,0,0,2,0,0,1,3,['Music Entertainment Group'],[0],0,0,0
2377,1,3,0,0,2,0,0,6,0,[''],[0],0,0,30
2378,1,3,0,0,2,0,0,2,13,['Product Development Section'],[0],0,0,0
2379,1,3,0,0,2,0,0,2,9,['Shohei Negishi'],[0],0,0,0
2380,1,3,0,0,2,0,0,2,9,[''],[0],0,0,0
2381,1,3,0,0,2,0,0,2,9,['Haruka Yoshida'],[0],0,0,0
2382,1,3,0,0,2,0,0,6,0,[''],[0],0,0,30
2383,1,3,0,0,2,0,0,2,13,['Promotion Coordinator'],[0],0,0,0
2384,1,3,0,0,2,0,0,2,9,['Miki Otani'],[0],0,0,0
2385,1,3,0,0,2,0,0,6,0,[''],[0],0,0,30
2386,1,3,0,0,2,0,0,2,13,['Production Producer'],[0],0,0,0
2387,1,3,0,0,2,0,0,2,9,['Akio Shiraishi'],[0],0,0,0
2388,1,3,0,0,2,0,0,6,0,[''],[0],0,0,30
2389,1,3,0,0,2,0,0,2,13,['Deputy General Manager／'],[0],0,0,0
2390,1,3,0,0,2,0,0,2,9,[''],[0],0,0,0
2391,1,3,0,0,2,0,0,2,13,['Head of Music Entertainment Group'],[0],0,0,0
2392,1,3,0,0,2,0,0,2,9,['Soshi Yoshida'],[0],0,0,0
2393,1,3,0,0,2,0,0,6,0,[''],[0],0,0,30
2394,1,3,0,0,2,0,0,2,13,['Deputy General Manager'],[0],0,0,0
2395,1,3,0,0,2,0,0,2,9,['Ryuji Abe'],[0],0,0,0
2396,1,3,0,0,2,0,0,6,0,[''],[0],0,0,40
2397,1,3,0,0,2,0,0,1,2,['Creative Business Unit I Division 6'],[0],0,0,0
2398,1,3,0,0,2,0,0,6,0,[''],[0],0,0,20
2399,1,3,0,0,2,0,0,2,13,['Division Director'],[0],0,0,0
2400,1,3,0,0,2,0,0,2,9,['George Yamanaka'],[0],0,0,0
2401,1,3,0,0,2,0,0,6,0,[''],[0],0,0,40
2402,1,3,0,0,2,0,0,1,2,['Production Executive'],[0],0,0,0
2403,1,3,0,0,2,0,0,6,0,[''],[0],0,0,20
2404,1,3,0,0,2,0,0,1,4,['Yosuke Matsuda'],[0],0,0,0
2405,1,3,0,0,2,0,0,6,0,[''],[0],0,0,160
2406,1,3,0,0,0,0,0,0,0,[''],[0],0,0,0
2407,1,3,0,0,2,0,0,5,0,[''],[8049],0,0,0
2408,1,3,0,0,2,0,0,5,0,[''],[9063],0,0,0
2409,1,3,0,0,0,0,0,0,0,[''],[0],0,0,0
2410,1,3,99000,0,1,0,500,5,0,[''],[8073],0,0,0
2411,1,3,114000,0,1,0,500,5,0,[''],[8074],0,0,0
2412,1,3,129000,0,1,0,500,5,0,[''],[8075],0,0,0
2413,1,3,140000,0,1,0,500,5,0,[''],[8076],0,0,0
2414,1,3,151000,0,1,0,0,5,0,[''],[8077],0,0,0
2415,1,3,175000,0,1,0,0,5,0,[''],[8285],0,0,0
2416,1,3,199000,0,1,0,0,5,0,[''],[8361],0,0,0
2417,1,3,226000,0,1,0,0,5,0,[''],[8060],0,0,0
2418,1,3,250000,0,1,0,0,5,0,[''],[8064],0,0,0
2419,1,3,264000,0,1,0,0,5,0,[''],[8068],0,0,0
2420,1,3,278000,0,1,0,500,5,0,[''],[8061],0,0,0
2421,1,3,289000,0,1,0,500,5,0,[''],[8062],0,0,0
2422,1,3,300000,0,1,0,500,5,0,[''],[8065],0,0,0
2423,1,3,315000,0,1,0,500,5,0,[''],[8066],0,0,0
2424,1,3,330000,0,1,0,500,5,0,[''],[8069],0,0,0
2425,1,3,341000,0,1,0,500,5,0,[''],[8070],0,0,0
2426,1,3,352000,0,1,0,0,5,0,[''],[8063],0,0,0
2427,1,3,368000,0,1,0,0,5,0,[''],[8067],0,0,0
2428,1,3,384000,0,1,0,0,5,0,[''],[8071],0,0,0
2429,1,3,400000,0,1,0,0,5,0,[''],[8000],0,0,0
2430,1,3,0,0,0,0,0,0,0,[''],[0],0,0,0
2431,1,4,430000,0,1,0,0,5,0,[''],[8001],0,0,0
2432,1,4,438000,0,1,0,0,5,0,[''],[8350],0,0,0
2433,1,4,446000,0,1,0,0,5,0,[''],[8000],0,0,0
2434,1,4,0,0,0,0,0,0,0,[''],[0],0,0,0
2435,1,5,449000,0,3,10000,2000,1,1,['“<clan_name>”'],[0],0,226,0
2436,1,5,449000,0,1,0,2000,5,0,[''],[8370],0,30,0
2437,1,5,459000,0,1,0,0,5,0,[''],[8000],0,0,0
2438,1,6,462000,0,0,0,0,0,0,[''],[0],0,0,0
